,HGNC.ID,P.VALUE
1,HGNC:24866,1
2,HGNC:19104,1
3,HGNC:18806,1
4,HGNC:16636,1
5,HGNC:8856,1
6,HGNC:11571,1
7,HGNC:6902,1
8,HGNC:8847,1
9,HGNC:16369,1
10,HGNC:17939,1
11,HGNC:4795,1
12,HGNC:17877,1
13,HGNC:10606,1
14,HGNC:16512,0.250304685
15,HGNC:20001,1
16,HGNC:1352,0.022545027
17,HGNC:1353,0.122566392
18,HGNC:2661,1
19,HGNC:11530,1
20,HGNC:19190,1
21,HGNC:491,1
22,HGNC:23157,1
23,HGNC:8905,1
24,HGNC:15469,1
25,HGNC:6554,1
26,HGNC:20800,1
27,HGNC:19100,0.654828151
28,HGNC:2501,1
29,HGNC:19661,1
30,HGNC:89,1
31,HGNC:989,1
32,HGNC:2018,1
33,HGNC:20193,1
34,HGNC:11774,1
35,HGNC:1105,1
36,HGNC:14373,1
37,HGNC:4237,1
38,HGNC:10360,1
39,HGNC:67,1
40,HGNC:3012,1
41,HGNC:321,1
42,HGNC:25403,1
43,HGNC:2698,1
44,HGNC:4539,1
45,HGNC:7436,1
46,HGNC:11917,1
47,HGNC:23595,1
48,HGNC:2523,1
49,HGNC:2026,1
50,HGNC:2027,1
51,HGNC:30213,1
52,HGNC:18337,0.106666667
53,HGNC:8621,1
54,HGNC:406,1
55,HGNC:28957,1
56,HGNC:14581,1
57,HGNC:1241,1
58,HGNC:1245,1
59,HGNC:1242,1
60,HGNC:29079,1
61,HGNC:10301,1
62,HGNC:4116,1
63,HGNC:5005,1
64,HGNC:25839,1
65,HGNC:18640,1
66,HGNC:11013,1
67,HGNC:26031,1
68,HGNC:7961,1
69,HGNC:26624,1
70,HGNC:11071,1
71,HGNC:3625,1
72,HGNC:25230,1
73,HGNC:3377,1
74,HGNC:19691,1
75,HGNC:14957,1
76,HGNC:12840,1
77,HGNC:5144,1
78,HGNC:362,1
79,HGNC:4286,1
80,HGNC:4285,1
81,HGNC:2216,1
82,HGNC:2439,1
83,HGNC:21679,1
84,HGNC:20286,1
85,HGNC:25897,1
86,HGNC:2218,1
87,HGNC:2519,1
88,HGNC:11005,1
89,HGNC:7217,1
90,HGNC:29040,1
91,HGNC:9670,1
92,HGNC:10866,1
93,HGNC:9586,1
94,HGNC:3259,1
95,HGNC:12591,1
96,HGNC:7527,1
97,HGNC:15954,1
98,HGNC:24525,1
99,HGNC:9352,1
100,HGNC:9826,1
101,HGNC:11556,1
102,HGNC:10879,1
103,HGNC:25716,1
104,HGNC:4053,1
105,HGNC:11918,1
106,HGNC:25567,1
107,HGNC:25186,1
108,HGNC:4396,1
109,HGNC:8851,1
110,HGNC:14668,1
111,HGNC:6116,1
112,HGNC:9816,1
113,HGNC:4224,1
114,HGNC:29594,1
115,HGNC:17869,1
116,HGNC:10535,1
117,HGNC:6354,1
118,HGNC:17975,1
119,HGNC:5244,1
120,HGNC:6912,1
121,HGNC:27962,1
122,HGNC:9701,1
123,HGNC:11281,1
124,HGNC:7685,1
125,HGNC:4816,1
126,HGNC:2876,1
127,HGNC:8657,1
128,HGNC:17073,1
129,HGNC:7978,1
130,HGNC:6512,1
131,HGNC:9305,1
132,HGNC:11244,1
133,HGNC:15464,1
134,HGNC:28844,1
135,HGNC:29427,1
136,HGNC:2433,1
137,HGNC:1460,1
138,HGNC:32521,1
139,HGNC:10387,1
140,HGNC:7680,1
141,HGNC:15518,1
142,HGNC:4367,1
143,HGNC:18762,1
144,HGNC:3596,1
145,HGNC:11219,1
146,HGNC:6171,1
147,HGNC:13760,1
148,HGNC:28018,1
149,HGNC:5970,0.376382852
150,HGNC:4082,1
151,HGNC:4075,0.009895787
152,HGNC:4087,0.075901767
153,HGNC:9870,1
154,HGNC:2988,1
155,HGNC:3815,0.234216674
156,HGNC:7910,1
157,HGNC:7392,1
158,HGNC:11140,1
159,HGNC:11019,0.021022926
160,HGNC:3530,1
161,HGNC:14377,1
162,HGNC:11280,1
163,HGNC:3767,1
164,HGNC:3800,1
165,HGNC:12412,1
166,HGNC:30829,1
167,HGNC:21365,1
168,HGNC:21062,1
169,HGNC:3531,1
170,HGNC:3052,1
171,HGNC:4204,1
172,HGNC:3176,1
173,HGNC:17328,1
174,HGNC:10548,1
175,HGNC:21576,1
176,HGNC:18141,1
177,HGNC:408,1
178,HGNC:17768,1
179,HGNC:7197,1
180,HGNC:21642,1
181,HGNC:1802,0.372206073
182,HGNC:4932,1
183,HGNC:13937,1
184,HGNC:7328,1
185,HGNC:12651,1
186,HGNC:1248,1
187,HGNC:1037,1
188,HGNC:10898,1
189,HGNC:1323,1
190,HGNC:1324,1
191,HGNC:2600,1
192,HGNC:4947,1
193,HGNC:4942,1
194,HGNC:4944,1
195,HGNC:44,1
196,HGNC:43,1
197,HGNC:4938,1
198,HGNC:4940,1
199,HGNC:11566,1
200,HGNC:2681,1
201,HGNC:11497,1
202,HGNC:21237,1
203,HGNC:10383,1
204,HGNC:14468,1
205,HGNC:21246,1
206,HGNC:7190,1
207,HGNC:4678,0.040224241
208,HGNC:11968,1
209,HGNC:4415,1
210,HGNC:9312,1
211,HGNC:9181,1
212,HGNC:4670,1
213,HGNC:21057,1
214,HGNC:21022,1
215,HGNC:9040,1
216,HGNC:14258,1
217,HGNC:7526,1
218,HGNC:10006,1
219,HGNC:11743,0.773543637
220,HGNC:9016,0.036287885
221,HGNC:16406,1
222,HGNC:21219,1
223,HGNC:21308,1
224,HGNC:4311,1
225,HGNC:23038,1
226,HGNC:2217,1
227,HGNC:17282,1
228,HGNC:6299,1
229,HGNC:19261,1
230,HGNC:10933,1
231,HGNC:15673,1
232,HGNC:31923,1
233,HGNC:987,1
234,HGNC:8907,1
235,HGNC:11595,1
236,HGNC:8021,1
237,HGNC:21406,1
238,HGNC:21034,1
239,HGNC:13601,1
240,HGNC:10882,0.278134933
241,HGNC:4580,1
242,HGNC:21033,1
243,HGNC:32207,3.36499E-05
244,HGNC:1152,1
245,HGNC:589,1
246,HGNC:18647,1
247,HGNC:23041,1
248,HGNC:29256,1
249,HGNC:21082,1
250,HGNC:21652,1
251,HGNC:20619,1
252,HGNC:33814,1
253,HGNC:2185,1
254,HGNC:12382,1
255,HGNC:21558,1
256,HGNC:21478,0.501376639
257,HGNC:21042,1
258,HGNC:21484,1
259,HGNC:12261,1
260,HGNC:663,1
261,HGNC:2372,1
262,HGNC:3522,1
263,HGNC:5439,1
264,HGNC:11896,1
265,HGNC:15578,1
266,HGNC:1987,1
267,HGNC:4921,1
268,HGNC:8858,1
269,HGNC:11429,1
270,HGNC:3413,1
271,HGNC:4593,1
272,HGNC:17075,1
273,HGNC:21176,1
274,HGNC:3467,1
275,HGNC:21061,1
276,HGNC:21054,1
277,HGNC:94,1
278,HGNC:5467,1
279,HGNC:9071,1
280,HGNC:8607,1
281,HGNC:8772,1
282,HGNC:11515,1
283,HGNC:21606,1
284,HGNC:21686,1
285,HGNC:21056,1
286,HGNC:2908,1
287,HGNC:11588,1
288,HGNC:9390,1
289,HGNC:26013,1
290,HGNC:6762,1
291,HGNC:29171,1
292,HGNC:16393,1
293,HGNC:22197,1
294,HGNC:21698,1
295,HGNC:20609,1
296,HGNC:9801,1
297,HGNC:7687,1
298,HGNC:22407,1
299,HGNC:12428,1
300,HGNC:2942,1
301,HGNC:6018,1
302,HGNC:24587,1
303,HGNC:4462,1
304,HGNC:19986,1
305,HGNC:5033,1
306,HGNC:14974,1
307,HGNC:5099,1.16786E-05
308,HGNC:5103,1
309,HGNC:5101,0.473988712
310,HGNC:5102,0.000465738
311,HGNC:4162,1
312,HGNC:17820,1
313,HGNC:30000,1
314,HGNC:11598,0.008555337
315,HGNC:14082,1
316,HGNC:16473,1
317,HGNC:10778,1
318,HGNC:21694,1
319,HGNC:16002,1
320,HGNC:16001,1
321,HGNC:1062,1
322,HGNC:1461,1
323,HGNC:8124,1
324,HGNC:21708,1
325,HGNC:18053,1
326,HGNC:13176,1
327,HGNC:2719,1
328,HGNC:3236,1
329,HGNC:9577,1
330,HGNC:21645,1
331,HGNC:746,1
332,HGNC:21957,1
333,HGNC:19440,1
334,HGNC:11433,1
335,HGNC:6971,1
336,HGNC:5246,1
337,HGNC:12852,1
338,HGNC:13189,1
339,HGNC:18957,1
340,HGNC:1663,1
341,HGNC:10725,1
342,HGNC:1399,1
343,HGNC:13406,1
344,HGNC:10723,1
345,HGNC:10726,1
346,HGNC:45,1
347,HGNC:201,1
348,HGNC:379,1
349,HGNC:1573,1
350,HGNC:1777,1
351,HGNC:1348,1
352,HGNC:1349,1
353,HGNC:10808,1
354,HGNC:9204,1
355,HGNC:9206,0.481481481
356,HGNC:9205,1
357,HGNC:10983,1
358,HGNC:10845,1
359,HGNC:2919,1
360,HGNC:2918,1
361,HGNC:753,1
362,HGNC:704,1
363,HGNC:574,1
364,HGNC:11540,1
365,HGNC:11356,1
366,HGNC:11762,1
367,HGNC:3415,1
368,HGNC:3395,1
369,HGNC:8583,1
370,HGNC:559,1
371,HGNC:9119,1
372,HGNC:9957,1
373,HGNC:14857,1
374,HGNC:8818,1
375,HGNC:3018,1
376,HGNC:2898,1
377,HGNC:6486,1
378,HGNC:28900,1
379,HGNC:5456,1
380,HGNC:9291,0.624161188
381,HGNC:13875,1
382,HGNC:7029,1
383,HGNC:1884,1
384,HGNC:17366,1
385,HGNC:22788,0.008524435
386,HGNC:17284,1
387,HGNC:8618,1
388,HGNC:6553,1
389,HGNC:3756,1
390,HGNC:11119,1
391,HGNC:2296,1
392,HGNC:12370,1
393,HGNC:9171,1
394,HGNC:1093,1
395,HGNC:18658,1
396,HGNC:388,0.712489546
397,HGNC:866,1
398,HGNC:11609,1
399,HGNC:1097,1
400,HGNC:21869,1
401,HGNC:9475,1
402,HGNC:2019,1
403,HGNC:22448,0.25
404,HGNC:17358,1
405,HGNC:13830,1
406,HGNC:6251,1
407,HGNC:9386,1
408,HGNC:13726,1
409,HGNC:3010,1
410,HGNC:4979,0.636429106
411,HGNC:2079,1
412,HGNC:14103,1
413,HGNC:6954,1
414,HGNC:1057,1
415,HGNC:2527,1
416,HGNC:2897,1
417,HGNC:30242,1
418,HGNC:7376,1
419,HGNC:3677,0.685350995
420,HGNC:24928,1
421,HGNC:8805,1
422,HGNC:735,1
423,HGNC:6677,1
424,HGNC:854,1
425,HGNC:13861,1
426,HGNC:5172,1
427,HGNC:10802,1
428,HGNC:18756,1
429,HGNC:11905,1
430,HGNC:32940,0.014317111
431,HGNC:1956,0.547963801
432,HGNC:3518,1
433,HGNC:4651,1
434,HGNC:11738,0.097190876
435,HGNC:26262,1
436,HGNC:9457,1
437,HGNC:11359,1
438,HGNC:216,1
439,HGNC:492,1
440,HGNC:13013,1
441,HGNC:9051,1
442,HGNC:5960,1
443,HGNC:10947,1
444,HGNC:20856,1
445,HGNC:25358,1
446,HGNC:28971,1
447,HGNC:9413,1
448,HGNC:6947,1
449,HGNC:11094,1
450,HGNC:15574,1
451,HGNC:18122,1
452,HGNC:9045,1
453,HGNC:26019,1
454,HGNC:2651,1
455,HGNC:1382,1
456,HGNC:757,1
457,HGNC:12404,1
458,HGNC:2652,1
459,HGNC:26193,1
460,HGNC:17245,0.054052079
461,HGNC:3519,0.211538462
462,HGNC:14201,1
463,HGNC:6050,1
464,HGNC:1373,1
465,HGNC:2153,1
466,HGNC:7652,1
467,HGNC:9279,1
468,HGNC:17228,1
469,HGNC:28625,1
470,HGNC:4221,0.169811321
471,HGNC:12582,1
472,HGNC:2183,1
473,HGNC:11212,1
474,HGNC:17296,1
475,HGNC:4044,1
476,HGNC:18831,1
477,HGNC:29683,1
478,HGNC:3013,1
479,HGNC:28583,1
480,HGNC:3512,1
481,HGNC:31750,1
482,HGNC:11536,1
483,HGNC:2191,1
484,HGNC:17023,1
485,HGNC:7704,1
486,HGNC:26513,1
487,HGNC:7553,1
488,HGNC:6297,1
489,HGNC:16725,1
490,HGNC:7679,1
491,HGNC:6283,1
492,HGNC:30832,1
493,HGNC:6199,1
494,HGNC:18746,1
495,HGNC:2591,1
496,HGNC:2592,0.665176572
497,HGNC:24945,1
498,HGNC:23145,1
499,HGNC:17042,1
500,HGNC:8149,1
501,HGNC:4446,1
502,HGNC:2579,1
503,HGNC:2843,1
504,HGNC:30224,1
505,HGNC:17129,1
506,HGNC:3814,1
507,HGNC:9949,1
508,HGNC:19191,1
509,HGNC:19309,1
510,HGNC:2934,0.095558112
511,HGNC:13909,1
512,HGNC:12698,1
513,HGNC:19698,1
514,HGNC:10939,1
515,HGNC:6192,1
516,HGNC:4313,1
517,HGNC:12450,1
518,HGNC:7208,1
519,HGNC:7413,1
520,HGNC:1787,1
521,HGNC:21424,1
522,HGNC:11724,1
523,HGNC:19102,1
524,HGNC:15984,1
525,HGNC:924,1
526,HGNC:2954,0.188679245
527,HGNC:8157,1
528,HGNC:4135,1
529,HGNC:5967,1
530,HGNC:12666,1
531,HGNC:23215,1
532,HGNC:23625,1
533,HGNC:18986,1
534,HGNC:7944,1
535,HGNC:4570,1
536,HGNC:9382,0.638167604
537,HGNC:3951,1
538,HGNC:11828,1
539,HGNC:17995,1
540,HGNC:1908,1
541,HGNC:4390,1
542,HGNC:25740,1
543,HGNC:5044,1
544,HGNC:8032,1
545,HGNC:28660,1
546,HGNC:4165,1
547,HGNC:30972,1
548,HGNC:890,1
549,HGNC:11277,1
550,HGNC:5330,1
551,HGNC:3606,1
552,HGNC:26922,1
553,HGNC:5212,1
554,HGNC:12814,1
555,HGNC:3806,1
556,HGNC:19237,1
557,HGNC:26724,1
558,HGNC:7982,1
559,HGNC:17870,1
560,HGNC:932,1
561,HGNC:417,1
562,HGNC:29,1
563,HGNC:11557,0.111030479
564,HGNC:25535,1
565,HGNC:5959,1
566,HGNC:1362,1
567,HGNC:9655,1
568,HGNC:395,1
569,HGNC:22986,1
570,HGNC:11931,1
571,HGNC:23658,1
572,HGNC:16380,1
573,HGNC:11850,1
574,HGNC:18672,1
575,HGNC:1331,1
576,HGNC:4620,1
577,HGNC:18688,1
578,HGNC:7983,1
579,HGNC:10344,1
580,HGNC:6654,0.593613933
581,HGNC:25135,1
582,HGNC:3349,1
583,HGNC:361,1
584,HGNC:16744,1
585,HGNC:2972,1
586,HGNC:19693,1
587,HGNC:10998,1
588,HGNC:11273,1
589,HGNC:10760,1
590,HGNC:2342,1
591,HGNC:3098,1
592,HGNC:758,1
593,HGNC:17097,1
594,HGNC:6494,1
595,HGNC:8064,1
596,HGNC:445,1
597,HGNC:4238,1
598,HGNC:1848,1
599,HGNC:11474,1
600,HGNC:1366,1
601,HGNC:2689,1
602,HGNC:14495,1
603,HGNC:27845,0.050472183
604,HGNC:18865,1
605,HGNC:16391,1
606,HGNC:18667,1
607,HGNC:6823,1
608,HGNC:4584,1
609,HGNC:26894,1
610,HGNC:20305,1
611,HGNC:1389,1
612,HGNC:20773,0.573429372
613,HGNC:16966,1
614,HGNC:2235,1
615,HGNC:385,1
616,HGNC:6008,0.074584204
617,HGNC:4172,1
618,HGNC:23537,1
619,HGNC:17142,1
620,HGNC:8940,1
621,HGNC:25491,1
622,HGNC:17642,1
623,HGNC:6144,1
624,HGNC:2548,1
625,HGNC:1402,1
626,HGNC:16063,1
627,HGNC:17759,1
628,HGNC:29186,1
629,HGNC:12843,1
630,HGNC:25583,1
631,HGNC:17327,1
632,HGNC:25532,1
633,HGNC:6860,1
634,HGNC:23505,1
635,HGNC:9967,1
636,HGNC:4217,0.574253272
637,HGNC:2891,1
638,HGNC:11741,1
639,HGNC:494,1
640,HGNC:18194,1
641,HGNC:3239,1
642,HGNC:2511,1
643,HGNC:28908,1
644,HGNC:13907,0.248911466
645,HGNC:23419,1
646,HGNC:4922,1
647,HGNC:13806,1
648,HGNC:7865,1
649,HGNC:9360,1
650,HGNC:10817,1
651,HGNC:8646,1
652,HGNC:9498,1
653,HGNC:1530,1
654,HGNC:14048,1
655,HGNC:9052,1
656,HGNC:257,1
657,HGNC:23405,1
658,HGNC:6284,1
659,HGNC:10411,1
660,HGNC:10799,1
661,HGNC:10798,1
662,HGNC:535,1
663,HGNC:6903,1
664,HGNC:1076,1
665,HGNC:4335,1
666,HGNC:7102,1
667,HGNC:8604,1
668,HGNC:23452,0.364478643
669,HGNC:11920,1
670,HGNC:6617,1
671,HGNC:23094,1
672,HGNC:1161,1
673,HGNC:9922,1
674,HGNC:8787,1
675,HGNC:6572,1
676,HGNC:17175,1
677,HGNC:3363,1
678,HGNC:25155,1
679,HGNC:26559,1
680,HGNC:5163,1
681,HGNC:18374,0.381598793
682,HGNC:2263,1
683,HGNC:53,1
684,HGNC:2312,0.573246778
685,HGNC:25613,1
686,HGNC:8616,1
687,HGNC:1160,1
688,HGNC:1144,1
689,HGNC:18817,1
690,HGNC:7795,1
691,HGNC:2593,1
692,HGNC:103,1
693,HGNC:26200,1
694,HGNC:26684,1
695,HGNC:245,1
696,HGNC:28093,1
697,HGNC:15454,1
698,HGNC:4798,1
699,HGNC:9155,1
700,HGNC:12660,7.06467E-07
701,HGNC:10935,1
702,HGNC:3341,1
703,HGNC:23044,1
704,HGNC:16088,1
705,HGNC:9476,1
706,HGNC:91,1
707,HGNC:1151,1
708,HGNC:8091,1
709,HGNC:14357,1
710,HGNC:7059,1
711,HGNC:19087,1
712,HGNC:19321,0.000275088
713,HGNC:3151,1
714,HGNC:28852,1
715,HGNC:6122,1
716,HGNC:14677,1
717,HGNC:11559,1
718,HGNC:19954,1
719,HGNC:30802,1
720,HGNC:1630,1
721,HGNC:7516,1
722,HGNC:2529,1
723,HGNC:11782,1
724,HGNC:1701,1
725,HGNC:10964,1
726,HGNC:17893,1
727,HGNC:4827,1
728,HGNC:4829,1
729,HGNC:4831,0.010406117
730,HGNC:4832,1
731,HGNC:11120,1
732,HGNC:2073,1
733,HGNC:13681,1
734,HGNC:6641,1
735,HGNC:19344,1
736,HGNC:2135,1
737,HGNC:470,1
738,HGNC:9606,0.527149321
739,HGNC:26222,1
740,HGNC:20580,1
741,HGNC:8516,0.143346888
742,HGNC:6233,1
743,HGNC:10513,1
744,HGNC:17022,1
745,HGNC:6535,1
746,HGNC:14004,1
747,HGNC:1033,1
748,HGNC:3964,0.016360583
749,HGNC:8620,1
750,HGNC:1689,1
751,HGNC:1516,1
752,HGNC:21350,1
753,HGNC:12036,1
754,HGNC:9831,1
755,HGNC:9832,0.285086342
756,HGNC:3513,1
757,HGNC:450,0.21343806
758,HGNC:8857,1
759,HGNC:24156,1
760,HGNC:18856,1
761,HGNC:3535,1
762,HGNC:2718,1
763,HGNC:123,1
764,HGNC:7710,1
765,HGNC:1228,1
766,HGNC:16999,1
767,HGNC:2515,1
768,HGNC:24200,1
769,HGNC:24725,1
770,HGNC:11438,1
771,HGNC:7315,1
772,HGNC:13187,1
773,HGNC:26944,1
774,HGNC:25018,1
775,HGNC:26034,1
776,HGNC:3976,1
777,HGNC:4138,1
778,HGNC:34399,1
779,HGNC:24526,1
780,HGNC:2294,1
781,HGNC:23151,1
782,HGNC:17989,1
783,HGNC:9879,1
784,HGNC:9726,1
785,HGNC:1476,1
786,HGNC:14372,1
787,HGNC:24116,1
788,HGNC:3705,1
789,HGNC:17116,1
790,HGNC:30032,1
791,HGNC:966,1
792,HGNC:2531,1
793,HGNC:11276,1
794,HGNC:8636,1
795,HGNC:1386,1
796,HGNC:358,1
797,HGNC:7716,1
798,HGNC:7715,1
799,HGNC:11647,1
800,HGNC:24283,1
801,HGNC:6697,1
802,HGNC:4114,1
803,HGNC:2328,1
804,HGNC:1582,1
805,HGNC:3573,1
806,HGNC:8059,1
807,HGNC:3791,1
808,HGNC:6080,1
809,HGNC:691,0.490196078
810,HGNC:30664,1
811,HGNC:30718,1
812,HGNC:12518,1
813,HGNC:24564,1
814,HGNC:6243,1
815,HGNC:37216,1
816,HGNC:16066,1
817,HGNC:1482,1
818,HGNC:8590,1
819,HGNC:23161,1
820,HGNC:26274,1
821,HGNC:29945,1
822,HGNC:30883,1
823,HGNC:25382,1
824,HGNC:15514,1
825,HGNC:4042,1
826,HGNC:12442,1
827,HGNC:2375,1
828,HGNC:7230,1
829,HGNC:30794,1
830,HGNC:7450,1
831,HGNC:8910,1
832,HGNC:12338,1
833,HGNC:29264,1
834,HGNC:28188,1
835,HGNC:16262,1
836,HGNC:591,1
837,HGNC:7159,0.102836153
838,HGNC:4574,1
839,HGNC:93,1
840,HGNC:795,1
841,HGNC:30578,1
842,HGNC:9211,1
843,HGNC:9303,1
844,HGNC:2896,1
845,HGNC:9689,1
846,HGNC:3023,1
847,HGNC:12930,1
848,HGNC:17288,1
849,HGNC:610,1
850,HGNC:600,1
851,HGNC:29182,1
852,HGNC:5964,1
853,HGNC:10592,1
854,HGNC:10589,1
855,HGNC:1674,1
856,HGNC:1673,1
857,HGNC:1675,1
858,HGNC:649,1
859,HGNC:12266,1
860,HGNC:4061,1
861,HGNC:16931,1
862,HGNC:4982,1
863,HGNC:1541,1
864,HGNC:18121,0.154846438
865,HGNC:10547,1
866,HGNC:11185,1
867,HGNC:20665,1
868,HGNC:13433,1
869,HGNC:26361,1
870,HGNC:6172,1
871,HGNC:25461,1
872,HGNC:17104,1
873,HGNC:26927,1
874,HGNC:29812,1
875,HGNC:6266,1
876,HGNC:11344,1
877,HGNC:15532,1
878,HGNC:28952,1
879,HGNC:87,1
880,HGNC:14540,1
881,HGNC:20202,1
882,HGNC:1390,1
883,HGNC:1583,1
884,HGNC:3680,0.165603394
885,HGNC:7693,1
886,HGNC:6224,1
887,HGNC:12726,1
888,HGNC:10599,1
889,HGNC:11922,1
890,HGNC:24305,1
891,HGNC:1919,1
892,HGNC:1678,1
893,HGNC:4400,1
894,HGNC:12009,1
895,HGNC:3033,1
896,HGNC:4218,0.417540202
897,HGNC:11007,1
898,HGNC:24539,1
899,HGNC:13203,0.057355515
900,HGNC:23336,1
901,HGNC:3182,1
902,HGNC:6377,1
903,HGNC:3495,1
904,HGNC:6698,1
905,HGNC:4586,1
906,HGNC:4688,1
907,HGNC:7060,1
908,HGNC:8790,0.008118029
909,HGNC:9678,1
910,HGNC:19218,0.065421591
911,HGNC:8778,1
912,HGNC:10961,0.059636256
913,HGNC:10959,0.667032578
914,HGNC:26162,1
915,HGNC:4707,1
916,HGNC:11201,1
917,HGNC:6181,1
918,HGNC:9607,1
919,HGNC:2736,1
920,HGNC:19125,1
921,HGNC:2973,1
922,HGNC:24249,1
923,HGNC:9024,1
924,HGNC:19349,1
925,HGNC:18618,1
926,HGNC:17019,1
927,HGNC:17967,1
928,HGNC:25240,1
929,HGNC:8877,1
930,HGNC:29937,1
931,HGNC:12775,1
932,HGNC:12774,0.575446086
933,HGNC:2865,1
934,HGNC:20766,1
935,HGNC:9461,1
936,HGNC:634,1
937,HGNC:638,1
938,HGNC:4455,1
939,HGNC:28216,1
940,HGNC:29284,1
941,HGNC:10908,1
942,HGNC:10596,1
943,HGNC:175,1
944,HGNC:6463,1
945,HGNC:6458,1
946,HGNC:6460,0.011034696
947,HGNC:6462,1
948,HGNC:6444,1
949,HGNC:20406,1
950,HGNC:6443,1
951,HGNC:28927,1
952,HGNC:28929,0.235294118
953,HGNC:6439,1
954,HGNC:6440,0.029873609
955,HGNC:6441,1
956,HGNC:6446,1
957,HGNC:6430,1
958,HGNC:13666,1
959,HGNC:17321,1
960,HGNC:5125,0.149019608
961,HGNC:5031,1
962,HGNC:11460,1
963,HGNC:11363,1
964,HGNC:29958,1
965,HGNC:6692,1
966,HGNC:4317,1
967,HGNC:6898,1
968,HGNC:6323,1
969,HGNC:4117,1
970,HGNC:1773,1
971,HGNC:12367,1
972,HGNC:19414,1
973,HGNC:13530,1
974,HGNC:11584,1
975,HGNC:5009,1
976,HGNC:6973,1
977,HGNC:6740,1
978,HGNC:26291,1
979,HGNC:9679,0.569489334
980,HGNC:7566,0.570749183
981,HGNC:26899,1
982,HGNC:6343,1
983,HGNC:30836,1
984,HGNC:2340,1
985,HGNC:17966,1
986,HGNC:23987,1
987,HGNC:10989,1
988,HGNC:7967,1
989,HGNC:18130,1
990,HGNC:5464,1
991,HGNC:8582,1
992,HGNC:738,1
993,HGNC:29174,1
994,HGNC:30348,1
995,HGNC:29882,1
996,HGNC:2671,0.235835141
997,HGNC:12572,1
998,HGNC:13879,1
999,HGNC:13478,1
1000,HGNC:19331,1
1001,HGNC:7530,1
1002,HGNC:14313,1
1003,HGNC:812,1
1004,HGNC:26113,1
1005,HGNC:19347,1
1006,HGNC:29605,1
1007,HGNC:10555,1
1008,HGNC:404,1
1009,HGNC:9644,1
1010,HGNC:11604,1
1011,HGNC:22962,1
1012,HGNC:7872,1
1013,HGNC:30171,1
1014,HGNC:1985,1
1015,HGNC:2277,1
1016,HGNC:11621,1
1017,HGNC:5147,1
1018,HGNC:3257,1
1019,HGNC:25774,1
1020,HGNC:15508,1
1021,HGNC:9177,1
1022,HGNC:4288,1
1023,HGNC:3687,1
1024,HGNC:10519,1
1025,HGNC:7104,1
1026,HGNC:13533,1
1027,HGNC:10069,1
1028,HGNC:10313,1
1029,HGNC:3765,1
1030,HGNC:20330,1
1031,HGNC:9988,1
1032,HGNC:6774,1
1033,HGNC:20597,1
1034,HGNC:3819,1
1035,HGNC:10985,1
1036,HGNC:11926,0.548899965
1037,HGNC:26789,1
1038,HGNC:11448,1
1039,HGNC:6174,1
1040,HGNC:9884,1
1041,HGNC:15520,1
1042,HGNC:18274,1
1043,HGNC:18243,1
1044,HGNC:25671,1
1045,HGNC:32456,1
1046,HGNC:15480,1
1047,HGNC:23352,1
1048,HGNC:2076,1
1049,HGNC:3180,1
1050,HGNC:20297,0.101175206
1051,HGNC:23503,1
1052,HGNC:2033,1
1053,HGNC:9439,1
1054,HGNC:20486,1
1055,HGNC:12873,1
1056,HGNC:8653,1
1057,HGNC:3671,1
1058,HGNC:12016,1
1059,HGNC:10906,0.641502188
1060,HGNC:6601,1
1061,HGNC:2202,1
1062,HGNC:2203,1
1063,HGNC:25695,1
1064,HGNC:6062,1
1065,HGNC:13552,1
1066,HGNC:3544,1
1067,HGNC:3528,1
1068,HGNC:20311,1
1069,HGNC:7892,1
1070,HGNC:483,1
1071,HGNC:13436,1
1072,HGNC:11065,1
1073,HGNC:7160,1
1074,HGNC:1836,1
1075,HGNC:8565,1
1076,HGNC:20152,1
1077,HGNC:8725,1
1078,HGNC:11824,1
1079,HGNC:9407,1
1080,HGNC:2180,1
1081,HGNC:20278,1
1082,HGNC:11301,1
1083,HGNC:7797,1
1084,HGNC:11825,0.094117647
1085,HGNC:8623,1
1086,HGNC:10701,1
1087,HGNC:10419,1
1088,HGNC:7045,1
1089,HGNC:20188,1
1090,HGNC:11188,1
1091,HGNC:20499,1
1092,HGNC:11231,1
1093,HGNC:14906,1
1094,HGNC:9725,1
1095,HGNC:19714,1
1096,HGNC:20185,1
1097,HGNC:8522,0.561376249
1098,HGNC:10892,0.329976826
1099,HGNC:10887,1
1100,HGNC:23141,1
1101,HGNC:7432,1
1102,HGNC:11274,1
1103,HGNC:6913,1
1104,HGNC:8964,1
1105,HGNC:17964,1
1106,HGNC:20761,1
1107,HGNC:163,1
1108,HGNC:23247,1
1109,HGNC:20233,1
1110,HGNC:7179,1
1111,HGNC:14537,1
1112,HGNC:19857,1
1113,HGNC:6715,1
1114,HGNC:3258,1
1115,HGNC:19963,1
1116,HGNC:14282,1
1117,HGNC:11278,1
1118,HGNC:4115,1
1119,HGNC:20509,1
1120,HGNC:18884,1
1121,HGNC:1442,1
1122,HGNC:4519,1
1123,HGNC:19967,1
1124,HGNC:7106,1
1125,HGNC:1540,0.069816666
1126,HGNC:8941,1
1127,HGNC:17098,1
1128,HGNC:20134,1
1129,HGNC:20091,1
1130,HGNC:3330,1
1131,HGNC:12856,1
1132,HGNC:2961,1
1133,HGNC:19957,1
1134,HGNC:14604,1
1135,HGNC:20492,1
1136,HGNC:20122,1
1137,HGNC:23791,1
1138,HGNC:20093,1
1139,HGNC:11551,1
1140,HGNC:23794,1
1141,HGNC:17043,1
1142,HGNC:7114,1
1143,HGNC:7675,1
1144,HGNC:1190,0.002169159
1145,HGNC:11164,1
1146,HGNC:12496,1
1147,HGNC:4083,1
1148,HGNC:8101,1
1149,HGNC:4868,1
1150,HGNC:7677,1
1151,HGNC:7146,1
1152,HGNC:13672,1
1153,HGNC:1960,1
1154,HGNC:2001,1
1155,HGNC:14378,1
1156,HGNC:19687,1
1157,HGNC:1149,1
1158,HGNC:6186,1
1159,HGNC:24054,1
1160,HGNC:2910,1
1161,HGNC:18828,1
1162,HGNC:29536,1
1163,HGNC:1713,1
1164,HGNC:19141,1
1165,HGNC:16808,1
1166,HGNC:3381,1
1167,HGNC:11781,1
1168,HGNC:16691,1
1169,HGNC:16035,1
1170,HGNC:18810,1
1171,HGNC:33630,1
1172,HGNC:914,1
1173,HGNC:4175,1
1174,HGNC:8549,1
1175,HGNC:20611,1
1176,HGNC:2594,1
1177,HGNC:29514,1
1178,HGNC:2938,1
1179,HGNC:4401,1
1180,HGNC:7602,1
1181,HGNC:9766,1
1182,HGNC:21493,1
1183,HGNC:11623,1
1184,HGNC:6619,1
1185,HGNC:188,1
1186,HGNC:7599,1
1187,HGNC:10258,1
1188,HGNC:23594,1
1189,HGNC:1371,1
1190,HGNC:4867,1
1191,HGNC:20373,1
1192,HGNC:29666,1
1193,HGNC:2088,1
1194,HGNC:6840,1
1195,HGNC:6772,1
1196,HGNC:25662,1
1197,HGNC:2077,1
1198,HGNC:6392,1
1199,HGNC:4878,1
1200,HGNC:969,1
1201,HGNC:16882,1
1202,HGNC:2590,1
1203,HGNC:26114,1
1204,HGNC:7216,1
1205,HGNC:3481,1
1206,HGNC:9580,1
1207,HGNC:21205,1
1208,HGNC:2535,1
1209,HGNC:3579,1
1210,HGNC:16876,1
1211,HGNC:25789,1
1212,HGNC:567,1
1213,HGNC:28986,1
1214,HGNC:319,1
1215,HGNC:9179,1
1216,HGNC:5383,1
1217,HGNC:1058,1
1218,HGNC:1917,1
1219,HGNC:7976,1
1220,HGNC:23752,1
1221,HGNC:30922,1
1222,HGNC:409,1
1223,HGNC:17198,1
1224,HGNC:14124,1
1225,HGNC:903,1
1226,HGNC:11427,1
1227,HGNC:14153,1
1228,HGNC:14154,1
1229,HGNC:1395,1
1230,HGNC:23026,1
1231,HGNC:2025,1
1232,HGNC:29099,1
1233,HGNC:16618,1
1234,HGNC:5468,1
1235,HGNC:28569,1
1236,HGNC:7696,1
1237,HGNC:4236,1
1238,HGNC:8028,1
1239,HGNC:9008,1
1240,HGNC:33,1
1241,HGNC:1591,1
1242,HGNC:29203,1
1243,HGNC:28369,1
1244,HGNC:6998,1
1245,HGNC:29450,1
1246,HGNC:29679,1
1247,HGNC:26348,1
1248,HGNC:23,1
1249,HGNC:4585,1
1250,HGNC:3334,1
1251,HGNC:7067,1
1252,HGNC:16841,1
1253,HGNC:8609,1
1254,HGNC:697,1
1255,HGNC:12559,0.014607095
1256,HGNC:12586,1
1257,HGNC:10602,1
1258,HGNC:10600,1
1259,HGNC:18622,1
1260,HGNC:29419,1
1261,HGNC:6006,1
1262,HGNC:29068,1
1263,HGNC:2074,1
1264,HGNC:12420,1
1265,HGNC:811,1
1266,HGNC:1633,1
1267,HGNC:18874,1
1268,HGNC:6391,1
1269,HGNC:30500,1
1270,HGNC:414,1
1271,HGNC:11605,1
1272,HGNC:2252,1
1273,HGNC:8931,1
1274,HGNC:18324,1
1275,HGNC:18539,1
1276,HGNC:23663,1
1277,HGNC:16902,1
1278,HGNC:4010,1
1279,HGNC:25781,1
1280,HGNC:11037,1
1281,HGNC:13487,1
1282,HGNC:18062,1
1283,HGNC:8927,1
1284,HGNC:16762,1
1285,HGNC:2584,1
1286,HGNC:11048,1
1287,HGNC:4389,1
1288,HGNC:28958,1
1289,HGNC:1869,1
1290,HGNC:29420,1
1291,HGNC:25302,1
1292,HGNC:4512,1
1293,HGNC:6217,1
1294,HGNC:25792,1
1295,HGNC:24160,1
1296,HGNC:11831,1
1297,HGNC:1539,1
1298,HGNC:7869,1
1299,HGNC:24501,1
1300,HGNC:5209,1
1301,HGNC:13723,1
1302,HGNC:25070,1
1303,HGNC:6522,1
1304,HGNC:25557,1
1305,HGNC:1748,1
1306,HGNC:18623,1
1307,HGNC:20,1
1308,HGNC:18620,1
1309,HGNC:25507,1
1310,HGNC:19368,1
1311,HGNC:11573,1
1312,HGNC:21197,1
1313,HGNC:6938,1
1314,HGNC:37234,1
1315,HGNC:6215,1
1316,HGNC:19246,1
1317,HGNC:17110,1
1318,HGNC:12799,1
1319,HGNC:4208,1
1320,HGNC:13815,0.313122172
1321,HGNC:4137,1
1322,HGNC:7150,1
1323,HGNC:30539,1
1324,HGNC:5358,1
1325,HGNC:3809,1
1326,HGNC:16510,1
1327,HGNC:14203,1
1328,HGNC:1377,0.00044896
1329,HGNC:7529,1
1330,HGNC:626,1
1331,HGNC:27288,1
1332,HGNC:1754,1
1333,HGNC:21316,1
1334,HGNC:11237,1
1335,HGNC:1770,1
1336,HGNC:6929,1
1337,HGNC:4166,1
1338,HGNC:15717,1
1339,HGNC:26600,1
1340,HGNC:9075,1
1341,HGNC:8824,1
1342,HGNC:3003,1
1343,HGNC:756,1
1344,HGNC:2518,1
1345,HGNC:20997,1
1346,HGNC:4439,1
1347,HGNC:8881,1
1348,HGNC:3354,1
1349,HGNC:6317,1
1350,HGNC:30225,1
1351,HGNC:1243,1
1352,HGNC:14374,1
1353,HGNC:359,0.573061143
1354,HGNC:21043,1
1355,HGNC:29110,1
1356,HGNC:92,1
1357,HGNC:11927,1
1358,HGNC:11998,1
1359,HGNC:25522,1
1360,HGNC:4689,1
1361,HGNC:430,1
1362,HGNC:13743,1
1363,HGNC:28128,1
1364,HGNC:26169,1
1365,HGNC:10327,1
1366,HGNC:30035,1
1367,HGNC:8029,1
1368,HGNC:10603,1
1369,HGNC:14198,1
1370,HGNC:2260,1
1371,HGNC:9118,1
1372,HGNC:26006,1
1373,HGNC:12463,1
1374,HGNC:18153,0.242482684
1375,HGNC:9834,1
1376,HGNC:18802,1
1377,HGNC:3750,1
1378,HGNC:11992,1
1379,HGNC:24123,1
1380,HGNC:18085,1
1381,HGNC:30521,1
1382,HGNC:12765,1
1383,HGNC:12565,1
1384,HGNC:13387,1
1385,HGNC:3424,1
1386,HGNC:21158,1
1387,HGNC:9823,1
1388,HGNC:32689,0.007803901
1389,HGNC:8854,1
1390,HGNC:11547,1
1391,HGNC:23213,1
1392,HGNC:6593,0.026918666
1393,HGNC:84,1
1394,HGNC:11630,0.398322851
1395,HGNC:23719,1
1396,HGNC:3430,1
1397,HGNC:9864,1
1398,HGNC:11989,1
1399,HGNC:30839,0.046530612
1400,HGNC:6413,1
1401,HGNC:6414,0.081204631
1402,HGNC:6415,1
1403,HGNC:6447,0.715252556
1404,HGNC:6423,1
1405,HGNC:6427,1
1406,HGNC:6207,1
1407,HGNC:18829,1
1408,HGNC:25280,1
1409,HGNC:4847,0.051829459
1410,HGNC:11367,1
1411,HGNC:7632,1
1412,HGNC:29932,1
1413,HGNC:11645,1
1414,HGNC:17928,1
1415,HGNC:12417,1
1416,HGNC:14544,1
1417,HGNC:4056,0.000859213
1418,HGNC:10328,1
1419,HGNC:7013,1
1420,HGNC:13771,0.216490408
1421,HGNC:17996,1
1422,HGNC:24861,1
1423,HGNC:12511,1
1424,HGNC:11027,1
1425,HGNC:4601,1
1426,HGNC:6138,1
1427,HGNC:30858,1
1428,HGNC:32700,1
1429,HGNC:4235,1
1430,HGNC:29017,1
1431,HGNC:6893,1
1432,HGNC:24565,1
1433,HGNC:12782,1
1434,HGNC:4431,1
1435,HGNC:7585,1
1436,HGNC:6156,1
1437,HGNC:11599,1
1438,HGNC:30260,1
1439,HGNC:5111,0.000812256
1440,HGNC:2917,1
1441,HGNC:6139,1
1442,HGNC:15517,1
1443,HGNC:1394,1
1444,HGNC:7849,1
1445,HGNC:2852,1
1446,HGNC:18505,1
1447,HGNC:11737,1
1448,HGNC:7523,1
1449,HGNC:2092,1
1450,HGNC:24265,1
1451,HGNC:9277,1
1452,HGNC:24316,1
1453,HGNC:30172,1
1454,HGNC:11107,1
1455,HGNC:4261,1
1456,HGNC:9180,1
1457,HGNC:10004,1
1458,HGNC:904,1
1459,HGNC:9557,1
1460,HGNC:3581,1
1461,HGNC:9388,1
1462,HGNC:35,1
1463,HGNC:11204,1
1464,HGNC:6545,1
1465,HGNC:18744,0.289550073
1466,HGNC:11075,1
1467,HGNC:3642,1
1468,HGNC:14499,1
1469,HGNC:4118,1
1470,HGNC:23147,1
1471,HGNC:119,1
1472,HGNC:20788,1
1473,HGNC:26988,1
1474,HGNC:7323,1
1475,HGNC:18021,1
1476,HGNC:20474,1
1477,HGNC:1552,1
1478,HGNC:26090,1
1479,HGNC:4065,1
1480,HGNC:18683,1
1481,HGNC:16446,1
1482,HGNC:10818,1
1483,HGNC:14539,1
1484,HGNC:144,1
1485,HGNC:4192,0.480769231
1486,HGNC:678,1
1487,HGNC:2452,1
1488,HGNC:25072,1
1489,HGNC:25843,1
1490,HGNC:11776,1
1491,HGNC:6481,1
1492,HGNC:7717,1
1493,HGNC:15718,1
1494,HGNC:4388,1
1495,HGNC:20776,1
1496,HGNC:315,1
1497,HGNC:9650,1
1498,HGNC:6930,0.449125146
1499,HGNC:31042,1
1500,HGNC:21086,1
1501,HGNC:7897,1
1502,HGNC:11538,1
1503,HGNC:18249,1
1504,HGNC:3037,1
1505,HGNC:3036,1
1506,HGNC:3048,1
1507,HGNC:21307,0.01720521
1508,HGNC:12405,1
1509,HGNC:21150,1
1510,HGNC:29357,1
1511,HGNC:3057,1
1512,HGNC:18248,1
1513,HGNC:18234,1
1514,HGNC:15573,1
1515,HGNC:29331,1
1516,HGNC:823,1
1517,HGNC:18550,1
1518,HGNC:7603,1
1519,HGNC:26530,1
1520,HGNC:2701,0.266289593
1521,HGNC:3647,1
1522,HGNC:3706,1
1523,HGNC:6819,1
1524,HGNC:18662,1
1525,HGNC:6631,1
1526,HGNC:11908,1
1527,HGNC:990,1
1528,HGNC:4021,1
1529,HGNC:13902,1
1530,HGNC:8952,1
1531,HGNC:18654,1
1532,HGNC:2570,1
1533,HGNC:10669,1
1534,HGNC:30551,1
1535,HGNC:9495,1
1536,HGNC:3309,1
1537,HGNC:2771,1
1538,HGNC:37,1
1539,HGNC:4556,1
1540,HGNC:11389,1
1541,HGNC:7714,1
1542,HGNC:4136,1
1543,HGNC:24036,1
1544,HGNC:25151,1
1545,HGNC:568,1
1546,HGNC:30788,1
1547,HGNC:18286,0.241410578
1548,HGNC:779,1
1549,HGNC:3214,1
1550,HGNC:6842,1
1551,HGNC:10830,1
1552,HGNC:18648,1
1553,HGNC:8007,1
1554,HGNC:20371,1
1555,HGNC:2084,1
1556,HGNC:20774,1
1557,HGNC:1318,1
1558,HGNC:13356,1
1559,HGNC:16268,1
1560,HGNC:40038,1
1561,HGNC:11445,1
1562,HGNC:16692,1
1563,HGNC:9761,1
1564,HGNC:13201,1
1565,HGNC:23140,1
1566,HGNC:8540,1
1567,HGNC:2976,1
1568,HGNC:12440,1
1569,HGNC:23177,1
1570,HGNC:1790,1
1571,HGNC:6547,1
1572,HGNC:29300,1
1573,HGNC:19189,1
1574,HGNC:3416,1
1575,HGNC:28303,1
1576,HGNC:9411,1
1577,HGNC:124,1
1578,HGNC:18518,1
1579,HGNC:6345,1
1580,HGNC:4189,1
1581,HGNC:1455,1
1582,HGNC:30237,1
1583,HGNC:4551,1
1584,HGNC:3337,1
1585,HGNC:26820,1
1586,HGNC:24634,1
1587,HGNC:14880,1
1588,HGNC:23150,1
1589,HGNC:6086,1
1590,HGNC:6193,1
1591,HGNC:5971,1
1592,HGNC:2227,1
1593,HGNC:14253,1
1594,HGNC:9987,1
1595,HGNC:17194,1
1596,HGNC:30304,1
1597,HGNC:11067,1
1598,HGNC:1833,1
1599,HGNC:8840,1
1600,HGNC:15993,1
1601,HGNC:4458,1
1602,HGNC:10586,1
1603,HGNC:15598,1
1604,HGNC:6783,1
1605,HGNC:2280,1
1606,HGNC:30100,1
1607,HGNC:7908,1
1608,HGNC:24502,1
1609,HGNC:11247,1
1610,HGNC:166,1
1611,HGNC:17697,1
1612,HGNC:29515,1
1613,HGNC:23656,1
1614,HGNC:3092,1
1615,HGNC:17158,1
1616,HGNC:13797,1
1617,HGNC:14896,1
1618,HGNC:19041,1
1619,HGNC:905,1
1620,HGNC:28636,1
1621,HGNC:986,1
1622,HGNC:10402,1
1623,HGNC:801,1
1624,HGNC:3444,1
1625,HGNC:14214,1
1626,HGNC:23287,1
1627,HGNC:12828,1
1628,HGNC:6293,1
1629,HGNC:18001,1
1630,HGNC:613,1
1631,HGNC:609,0.004118678
1632,HGNC:9956,1
1633,HGNC:20914,1
1634,HGNC:10468,1
1635,HGNC:8142,1
1636,HGNC:10891,1
1637,HGNC:1449,1
1638,HGNC:6404,1
1639,HGNC:26560,1
1640,HGNC:4588,1
1641,HGNC:11459,1
1642,HGNC:10310,1
1643,HGNC:3999,1
1644,HGNC:4706,1
1645,HGNC:6584,1
1646,HGNC:17993,1
1647,HGNC:10447,1
1648,HGNC:18540,1
1649,HGNC:26219,1
1650,HGNC:28845,1
1651,HGNC:9154,1
1652,HGNC:8066,1
1653,HGNC:23212,1
1654,HGNC:6235,1
1655,HGNC:11242,1
1656,HGNC:14376,1
1657,HGNC:3482,1
1658,HGNC:9302,1
1659,HGNC:22938,1
1660,HGNC:9402,1
1661,HGNC:15505,1
1662,HGNC:15506,1
1663,HGNC:14388,1
1664,HGNC:30492,1
1665,HGNC:11391,1
1666,HGNC:16384,1
1667,HGNC:15864,1
1668,HGNC:2457,1
1669,HGNC:16187,1
1670,HGNC:16175,1
1671,HGNC:8820,8.16477E-07
1672,HGNC:11779,1
1673,HGNC:16255,0.350721421
1674,HGNC:15911,1
1675,HGNC:894,0.169963301
1676,HGNC:16110,1
1677,HGNC:6176,1
1678,HGNC:15894,1
1679,HGNC:9449,1
1680,HGNC:16147,1
1681,HGNC:1069,1
1682,HGNC:15917,1
1683,HGNC:9059,1
1684,HGNC:7108,1
1685,HGNC:6188,0.330143541
1686,HGNC:15899,1
1687,HGNC:3762,1
1688,HGNC:16205,1
1689,HGNC:15804,0.077903075
1690,HGNC:8615,0.049322525
1691,HGNC:11784,1
1692,HGNC:2475,1
1693,HGNC:12723,1
1694,HGNC:28980,1
1695,HGNC:16232,1
1696,HGNC:16243,1
1697,HGNC:14988,1
1698,HGNC:16252,0.005762305
1699,HGNC:11167,1
1700,HGNC:343,1
1701,HGNC:4624,1
1702,HGNC:3378,1
1703,HGNC:11283,1
1704,HGNC:14202,1
1705,HGNC:5024,1
1706,HGNC:186,1
1707,HGNC:11408,1
1708,HGNC:14938,1
1709,HGNC:9251,1
1710,HGNC:7176,1
1711,HGNC:13818,1
1712,HGNC:11919,1
1713,HGNC:15853,1
1714,HGNC:6231,1
1715,HGNC:9603,1
1716,HGNC:15766,1
1717,HGNC:15924,1
1718,HGNC:2602,1
1719,HGNC:8724,1
1720,HGNC:12649,1
1721,HGNC:16257,1
1722,HGNC:838,1
1723,HGNC:3178,1
1724,HGNC:15802,0.001967917
1725,HGNC:2219,1
1726,HGNC:16192,1
1727,HGNC:1958,1
1728,HGNC:6296,1
1729,HGNC:3192,1
1730,HGNC:15888,1
1731,HGNC:16235,1
1732,HGNC:9490,1
1733,HGNC:620,1
1734,HGNC:11179,1
1735,HGNC:1304,0.404233391
1736,HGNC:1301,1
1737,HGNC:11503,1
1738,HGNC:5965,1
1739,HGNC:5440,1
1740,HGNC:2993,1
1741,HGNC:6242,1
1742,HGNC:6240,1
1743,HGNC:10471,1
1744,HGNC:4976,1
1745,HGNC:3091,1
1746,HGNC:496,1
1747,HGNC:12371,1
1748,HGNC:11142,1
1749,HGNC:2482,1
1750,HGNC:1260,1
1751,HGNC:6155,1
1752,HGNC:2195,1
1753,HGNC:3974,1
1754,HGNC:22965,1
1755,HGNC:12410,1
1756,HGNC:12616,1
1757,HGNC:9453,1
1758,HGNC:29501,1
1759,HGNC:11546,1
1760,HGNC:10537,1
1761,HGNC:4387,1
1762,HGNC:4394,1
1763,HGNC:469,1
1764,HGNC:21297,1
1765,HGNC:31399,1
1766,HGNC:6220,1
1767,HGNC:28769,1
1768,HGNC:6239,1
1769,HGNC:10922,1
1770,HGNC:20889,1
1771,HGNC:9652,1
1772,HGNC:468,1
1773,HGNC:7989,1
1774,HGNC:7808,1
1775,HGNC:1513,1
1776,HGNC:5950,1
1777,HGNC:12730,1
1778,HGNC:5218,1
1779,HGNC:5008,1
1780,HGNC:4887,1
1781,HGNC:8853,1
1782,HGNC:4279,1
1783,HGNC:4281,0.505079826
1784,HGNC:10771,1
1785,HGNC:14579,1
1786,HGNC:30740,1
1787,HGNC:19706,1
1788,HGNC:2536,1
1789,HGNC:13420,1
1790,HGNC:29277,1
1791,HGNC:9986,1
1792,HGNC:18801,1
1793,HGNC:10260,1
1794,HGNC:11791,1
1795,HGNC:3748,1
1796,HGNC:33276,1
1797,HGNC:6663,1
1798,HGNC:30778,1
1799,HGNC:10416,1
1800,HGNC:16915,1
1801,HGNC:1962,1
1802,HGNC:225,1
1803,HGNC:9141,1
1804,HGNC:24671,1
1805,HGNC:3007,1
1806,HGNC:7508,1
1807,HGNC:9020,1
1808,HGNC:3631,1
1809,HGNC:19088,1
1810,HGNC:30935,1
1811,HGNC:10023,1
1812,HGNC:682,1
1813,HGNC:29796,1
1814,HGNC:18453,1
1815,HGNC:9343,1
1816,HGNC:11272,1
1817,HGNC:18858,1
1818,HGNC:6256,1
1819,HGNC:800,1
1820,HGNC:1512,1
1821,HGNC:24891,1
1822,HGNC:9713,1
1823,HGNC:26941,1
1824,HGNC:7708,1
1825,HGNC:7225,1
1826,HGNC:3619,1
1827,HGNC:15626,1
1828,HGNC:791,1
1829,HGNC:8632,1
1830,HGNC:1677,1
1831,HGNC:21285,1
1832,HGNC:23694,1
1833,HGNC:11596,1
1834,HGNC:10938,1
1835,HGNC:3542,1
1836,HGNC:9142,1
1837,HGNC:3771,1
1838,HGNC:7610,1
1839,HGNC:8960,1
1840,HGNC:11936,0.644637429
1841,HGNC:11934,1
1842,HGNC:775,1
1843,HGNC:13394,0.189732417
1844,HGNC:12827,1
1845,HGNC:10050,1
1846,HGNC:16791,1
1847,HGNC:18866,1
1848,HGNC:4883,1
1849,HGNC:24668,0.608285578
1850,HGNC:3534,1
1851,HGNC:19048,1
1852,HGNC:9666,1
1853,HGNC:25360,1
1854,HGNC:1397,1
1855,HGNC:9023,1
1856,HGNC:11161,1
1857,HGNC:9958,1
1858,HGNC:14951,1
1859,HGNC:2172,1
1860,HGNC:29043,1
1861,HGNC:5962,1
1862,HGNC:2665,1
1863,HGNC:2336,0.320754717
1864,HGNC:5208,1
1865,HGNC:6121,1
1866,HGNC:23143,0.01621878
1867,HGNC:18270,1
1868,HGNC:19689,0.413319418
1869,HGNC:9647,1
1870,HGNC:1857,1
1871,HGNC:25355,0.746509123
1872,HGNC:3418,1
1873,HGNC:19711,1
1874,HGNC:21208,1
1875,HGNC:3401,1
1876,HGNC:30262,1
1877,HGNC:16812,1
1878,HGNC:15983,0.215009734
1879,HGNC:6546,1
1880,HGNC:29561,1
1881,HGNC:1232,1
1882,HGNC:18025,1
1883,HGNC:21729,1
1884,HGNC:28596,1
1885,HGNC:1968,1
1886,HGNC:14341,1
1887,HGNC:7468,1
1888,HGNC:10484,1
1889,HGNC:1952,1
1890,HGNC:14074,1
1891,HGNC:17655,1
1892,HGNC:10671,1
1893,HGNC:393,1
1894,HGNC:13030,1
1895,HGNC:26970,1
1896,HGNC:7623,1
1897,HGNC:24284,1
1898,HGNC:18466,1
1899,HGNC:10440,1
1900,HGNC:29508,1
1901,HGNC:195,1
1902,HGNC:11811,1
1903,HGNC:13345,1
1904,HGNC:15625,1
1905,HGNC:7559,1
1906,HGNC:6909,1
1907,HGNC:603,1
1908,HGNC:23805,1
1909,HGNC:4801,1
1910,HGNC:4803,1
1911,HGNC:24245,1
1912,HGNC:8515,1
1913,HGNC:6278,1
1914,HGNC:1424,1
1915,HGNC:7224,1
1916,HGNC:3260,1
1917,HGNC:9282,1
1918,HGNC:427,1
1919,HGNC:12805,1
1920,HGNC:11285,1
1921,HGNC:11233,1
1922,HGNC:16412,1
1923,HGNC:2597,1
1924,HGNC:11187,1
1925,HGNC:4796,1
1926,HGNC:24595,1
1927,HGNC:13886,1
1928,HGNC:13887,0.667032578
1929,HGNC:15714,1
1930,HGNC:9276,1
1931,HGNC:11025,1
1932,HGNC:30228,1
1933,HGNC:26276,1
1934,HGNC:10889,0.652794014
1935,HGNC:10888,1
1936,HGNC:3374,1
1937,HGNC:14312,1
1938,HGNC:18451,1
1939,HGNC:1445,1
1940,HGNC:13590,1
1941,HGNC:6585,0.065738923
1942,HGNC:3969,0.637705493
1943,HGNC:8008,1
1944,HGNC:25523,1
1945,HGNC:23166,1
1946,HGNC:13221,1
1947,HGNC:8855,1
1948,HGNC:28027,1
1949,HGNC:10942,1
1950,HGNC:16287,1
1951,HGNC:11802,1
1952,HGNC:11765,1
1953,HGNC:24669,0.004828552
1954,HGNC:853,1
1955,HGNC:16732,1
1956,HGNC:20581,1
1957,HGNC:11257,1
1958,HGNC:16950,1
1959,HGNC:2858,1
1960,HGNC:24415,1
1961,HGNC:2711,1
1962,HGNC:24862,1
1963,HGNC:14348,1
1964,HGNC:11449,1
1965,HGNC:4247,1
1966,HGNC:10801,1
1967,HGNC:10872,1
1968,HGNC:17264,1
1969,HGNC:25786,1
1970,HGNC:1706,1
1971,HGNC:3255,1
1972,HGNC:10297,1
1973,HGNC:282,1
1974,HGNC:26038,1
1975,HGNC:19263,1
1976,HGNC:12858,1
1977,HGNC:28385,1
1978,HGNC:2150,0.637393419
1979,HGNC:33848,1
1980,HGNC:14927,1
1981,HGNC:29569,1
1982,HGNC:2895,1
1983,HGNC:7905,1
1984,HGNC:1148,1
1985,HGNC:26877,1
1986,HGNC:15561,0.008451705
1987,HGNC:6000,1
1988,HGNC:24592,1
1989,HGNC:4318,1
1990,HGNC:3435,1
1991,HGNC:9451,1
1992,HGNC:28178,1
1993,HGNC:18292,0.053035706
1994,HGNC:17063,1
1995,HGNC:6530,1
1996,HGNC:6949,1
1997,HGNC:2678,1
1998,HGNC:2561,1
1999,HGNC:5028,1
2000,HGNC:6469,1
2001,HGNC:14881,1
2002,HGNC:20444,1
2003,HGNC:25221,1
2004,HGNC:1404,1
2005,HGNC:24048,1
2006,HGNC:171,1
2007,HGNC:18873,1
2008,HGNC:10590,1
2009,HGNC:10588,1
2010,HGNC:25660,1
2011,HGNC:10585,0.527149321
2012,HGNC:10597,1
2013,HGNC:42,0.708696925
2014,HGNC:970,1
2015,HGNC:25784,1
2016,HGNC:10982,1
2017,HGNC:12736,1
2018,HGNC:21610,1
2019,HGNC:5133,1
2020,HGNC:7782,1
2021,HGNC:327,1
2022,HGNC:8773,1
2023,HGNC:9438,1
2024,HGNC:26821,1
2025,HGNC:7762,0.612737983
2026,HGNC:10909,1
2027,HGNC:4223,1
2028,HGNC:4908,1
2029,HGNC:11362,1
2030,HGNC:11365,1
2031,HGNC:29853,1
2032,HGNC:25712,1
2033,HGNC:10768,1
2034,HGNC:25133,1
2035,HGNC:7698,1
2036,HGNC:1500,1
2037,HGNC:1509,1
2038,HGNC:14432,1
2039,HGNC:12502,1
2040,HGNC:1078,1
2041,HGNC:1653,1
2042,HGNC:2505,1
2043,HGNC:5351,0.242482684
2044,HGNC:7707,1
2045,HGNC:29160,1
2046,HGNC:2410,1
2047,HGNC:5382,1
2048,HGNC:23785,1
2049,HGNC:88,1
2050,HGNC:2323,1
2051,HGNC:3432,1
2052,HGNC:952,1
2053,HGNC:14637,1
2054,HGNC:794,1
2055,HGNC:3778,1
2056,HGNC:11102,1
2057,HGNC:9153,1
2058,HGNC:10907,1
2059,HGNC:1020,1
2060,HGNC:17209,1
2061,HGNC:2605,1
2062,HGNC:13829,1
2063,HGNC:5956,1
2064,HGNC:25737,1
2065,HGNC:47,1
2066,HGNC:12407,1
2067,HGNC:5228,1
2068,HGNC:22923,1
2069,HGNC:3388,1
2070,HGNC:17800,1
2071,HGNC:16650,1
2072,HGNC:2553,1
2073,HGNC:2206,1
2074,HGNC:2204,1
2075,HGNC:24858,1
2076,HGNC:16266,1
2077,HGNC:12306,1
2078,HGNC:5401,1
2079,HGNC:20730,1
2080,HGNC:8788,1
2081,HGNC:11960,1
2082,HGNC:6259,1
2083,HGNC:29643,1
2084,HGNC:8846,1
2085,HGNC:17861,1
2086,HGNC:7684,1
2087,HGNC:4492,1
2088,HGNC:341,1
2089,HGNC:28358,1
2090,HGNC:17341,1
2091,HGNC:30185,1
2092,HGNC:20376,1
2093,HGNC:6180,1
2094,HGNC:1529,1
2095,HGNC:26190,1
2096,HGNC:8125,1
2097,HGNC:26926,1
2098,HGNC:14630,1
2099,HGNC:12687,1
2100,HGNC:11042,1
2101,HGNC:28422,1
2102,HGNC:12816,1
2103,HGNC:28033,1
2104,HGNC:2226,1
2105,HGNC:1122,1
2106,HGNC:25088,1
2107,HGNC:10306,1
2108,HGNC:17646,1
2109,HGNC:30611,1
2110,HGNC:28956,1
2111,HGNC:2379,1
2112,HGNC:9060,1
2113,HGNC:2899,1
2114,HGNC:7562,1
2115,HGNC:174,1
2116,HGNC:10582,0.745952
2117,HGNC:10583,1
2118,HGNC:30914,1
2119,HGNC:26054,1
2120,HGNC:6502,1
2121,HGNC:2514,1
2122,HGNC:29947,1
2123,HGNC:25902,1
2124,HGNC:25519,1
2125,HGNC:21396,1
2126,HGNC:17095,1
2127,HGNC:30927,1
2128,HGNC:6741,1
2129,HGNC:1602,1
2130,HGNC:11701,0.313122172
2131,HGNC:7584,1
2132,HGNC:31928,1
2133,HGNC:18420,1
2134,HGNC:16716,1
2135,HGNC:12269,1
2136,HGNC:1421,1
2137,HGNC:29918,1
2138,HGNC:24713,1
2139,HGNC:9751,1
2140,HGNC:6487,1
2141,HGNC:4553,1
2142,HGNC:473,1
2143,HGNC:7380,1
2144,HGNC:4385,1
2145,HGNC:5320,1
2146,HGNC:9882,1
2147,HGNC:19412,1
2148,HGNC:24969,1
2149,HGNC:177,1
2150,HGNC:24488,1
2151,HGNC:24247,1
2152,HGNC:2940,1
2153,HGNC:950,1
2154,HGNC:9399,1
2155,HGNC:11834,1
2156,HGNC:1391,1
2157,HGNC:17616,1
2158,HGNC:2959,1
2159,HGNC:8808,1
2160,HGNC:120,1
2161,HGNC:10560,1
2162,HGNC:20661,1
2163,HGNC:7105,1
2164,HGNC:3823,1
2165,HGNC:10250,1
2166,HGNC:10249,1
2167,HGNC:24537,1
2168,HGNC:9456,1
2169,HGNC:25419,1
2170,HGNC:2321,1
2171,HGNC:25622,1
2172,HGNC:11758,1
2173,HGNC:26022,1
2174,HGNC:17367,1
2175,HGNC:25631,1
2176,HGNC:29216,1
2177,HGNC:22954,1
2178,HGNC:1321,1
2179,HGNC:4892,1
2180,HGNC:28949,1
2181,HGNC:1514,0.30302521
2182,HGNC:2481,1
2183,HGNC:16628,1
2184,HGNC:236,1
2185,HGNC:12563,1
2186,HGNC:12933,1
2187,HGNC:26444,0.590791808
2188,HGNC:18276,1
2189,HGNC:9788,1
2190,HGNC:21497,1
2191,HGNC:4444,1
2192,HGNC:13164,1
2193,HGNC:12298,0.015762274
2194,HGNC:13211,1
2195,HGNC:10379,1
2196,HGNC:30343,1
2197,HGNC:23230,1
2198,HGNC:11740,1
2199,HGNC:10955,1
2200,HGNC:25815,1
2201,HGNC:8654,1
2202,HGNC:11354,1
2203,HGNC:26551,1
2204,HGNC:1092,0.02394958
2205,HGNC:14508,1
2206,HGNC:2232,1
2207,HGNC:9872,1
2208,HGNC:12872,0.527149321
2209,HGNC:4699,1
2210,HGNC:15597,1
2211,HGNC:2295,1
2212,HGNC:18124,1
2213,HGNC:7154,1
2214,HGNC:95,1
2215,HGNC:7125,1
2216,HGNC:13780,1
2217,HGNC:5969,1
2218,HGNC:10856,1
2219,HGNC:8761,1
2220,HGNC:8943,1
2221,HGNC:3498,1
2222,HGNC:30765,1
2223,HGNC:4267,0.199857979
2224,HGNC:29935,0.000107277
2225,HGNC:29529,1
2226,HGNC:20731,1
2227,HGNC:25244,1
2228,HGNC:30528,1
2229,HGNC:11195,1
2230,HGNC:6936,1
2231,HGNC:25947,1
2232,HGNC:3261,1
2233,HGNC:3296,1
2234,HGNC:2020,1
2235,HGNC:11795,1
2236,HGNC:3247,1
2237,HGNC:18483,1
2238,HGNC:14889,1
2239,HGNC:5181,1
2240,HGNC:1001,1
2241,HGNC:6679,1
2242,HGNC:2037,0.303493791
2243,HGNC:3668,1
2244,HGNC:11763,1
2245,HGNC:8754,1
2246,HGNC:28482,1
2247,HGNC:26661,1
2248,HGNC:28209,1
2249,HGNC:28991,1
2250,HGNC:10345,1
2251,HGNC:12926,1
2252,HGNC:25985,1
2253,HGNC:2309,1
2254,HGNC:10993,1
2255,HGNC:3693,1
2256,HGNC:2494,1
2257,HGNC:29304,1
2258,HGNC:4851,1
2259,HGNC:7391,1
2260,HGNC:19747,1
2261,HGNC:3497,1
2262,HGNC:12762,1
2263,HGNC:13446,1
2264,HGNC:9768,1
2265,HGNC:9752,1
2266,HGNC:9237,1
2267,HGNC:11020,1
2268,HGNC:5724,1
2269,HGNC:9143,1
2270,HGNC:1329,1
2271,HGNC:25799,1
2272,HGNC:4081,0.009760498
2273,HGNC:10806,1
2274,HGNC:8803,1
2275,HGNC:6307,1
2276,HGNC:29086,1
2277,HGNC:11303,1
2278,HGNC:11245,1
2279,HGNC:9966,1
2280,HGNC:5476,1
2281,HGNC:27365,1
2282,HGNC:11030,1
2283,HGNC:317,1
2284,HGNC:1665,1
2285,HGNC:13993,1
2286,HGNC:3683,0.488115246
2287,HGNC:5037,1
2288,HGNC:25223,1
2289,HGNC:20751,1
2290,HGNC:6872,1
2291,HGNC:9009,1
2292,HGNC:19367,1
2293,HGNC:11138,1
2294,HGNC:1077,1
2295,HGNC:7467,1
2296,HGNC:9314,1
2297,HGNC:20862,1
2298,HGNC:7794,1
2299,HGNC:6831,1
2300,HGNC:24212,1
2301,HGNC:25941,1
2302,HGNC:28883,1
2303,HGNC:28261,1
2304,HGNC:20582,1
2305,HGNC:4799,1
2306,HGNC:5394,1
2307,HGNC:3229,1
2308,HGNC:9005,1
2309,HGNC:24912,1
2310,HGNC:493,1
2311,HGNC:9477,1
2312,HGNC:1330,1
2313,HGNC:18758,1
2314,HGNC:12335,1
2315,HGNC:6005,1
2316,HGNC:26648,1
2317,HGNC:18119,1
2318,HGNC:29239,1
2319,HGNC:28486,1
2320,HGNC:30782,1
2321,HGNC:16075,1
2322,HGNC:18871,1
2323,HGNC:3179,1
2324,HGNC:7979,1
2325,HGNC:1742,1
2326,HGNC:6758,1
2327,HGNC:3662,1
2328,HGNC:3661,1
2329,HGNC:3694,1
2330,HGNC:4685,1
2331,HGNC:3483,1
2332,HGNC:10545,1
2333,HGNC:11843,1
2334,HGNC:17068,1
2335,HGNC:7744,1
2336,HGNC:5154,1
2337,HGNC:25751,1
2338,HGNC:10990,1
2339,HGNC:25640,1
2340,HGNC:6371,1
2341,HGNC:3529,0.643373029
2342,HGNC:3954,1
2343,HGNC:50800,1
2344,HGNC:11073,1
2345,HGNC:12307,1
2346,HGNC:27960,0.12354334
2347,HGNC:11730,0.181176471
2348,HGNC:11049,1
2349,HGNC:7713,1
2350,HGNC:7473,1
2351,HGNC:1618,1
2352,HGNC:2950,1
2353,HGNC:12303,1
2354,HGNC:25964,1
2355,HGNC:17277,1
2356,HGNC:16472,1
2357,HGNC:451,1
2358,HGNC:27030,1
2359,HGNC:9446,1
2360,HGNC:6024,1
2361,HGNC:26404,1
2362,HGNC:10941,1
2363,HGNC:25801,1
2364,HGNC:8063,1
2365,HGNC:4232,1
2366,HGNC:8507,1
2367,HGNC:4036,1
2368,HGNC:1358,1
2369,HGNC:1346,1
2370,HGNC:1339,1
2371,HGNC:8527,1
2372,HGNC:4263,1
2373,HGNC:7863,1
2374,HGNC:4845,0.610432852
2375,HGNC:6137,1
2376,HGNC:7193,1
2377,HGNC:7711,1
2378,HGNC:5248,0.575446086
2379,HGNC:40050,1
2380,HGNC:18576,1
2381,HGNC:18969,1
2382,HGNC:25681,1
2383,HGNC:6848,1
2384,HGNC:8783,1
2385,HGNC:28086,1
2386,HGNC:6318,1
2387,HGNC:5286,5.11575E-06
2388,HGNC:10664,1
2389,HGNC:8104,1
2390,HGNC:11117,1
2391,HGNC:6937,1
2392,HGNC:4879,1
2393,HGNC:2205,1
2394,HGNC:8794,1
2395,HGNC:566,1
2396,HGNC:24475,1
2397,HGNC:2861,1
2398,HGNC:7326,1
2399,HGNC:10410,1
2400,HGNC:9871,1
2401,HGNC:6996,1
2402,HGNC:7975,1
2403,HGNC:23639,1
2404,HGNC:1515,1
2405,HGNC:18173,1
2406,HGNC:1915,1
2407,HGNC:16280,1
2408,HGNC:5213,1
2409,HGNC:11139,1
2410,HGNC:9350,1
2411,HGNC:877,1
2412,HGNC:6637,1
2413,HGNC:4912,1
2414,HGNC:28072,1
2415,HGNC:10969,1
2416,HGNC:9091,1
2417,HGNC:338,0.106353454
2418,HGNC:12472,1
2419,HGNC:12974,1
2420,HGNC:7683,1
2421,HGNC:6501,1
2422,HGNC:24338,1
2423,HGNC:4573,1
2424,HGNC:19073,1
2425,HGNC:592,1
2426,HGNC:10820,1
2427,HGNC:5948,1
2428,HGNC:5157,1
2429,HGNC:11935,0.323054328
2430,HGNC:685,1
2431,HGNC:9910,1
2432,HGNC:14963,0.176428405
2433,HGNC:3551,1
2434,HGNC:13554,1
2435,HGNC:11199,0.350721421
2436,HGNC:3775,1
2437,HGNC:3776,1
2438,HGNC:2568,1
2439,HGNC:5004,1
2440,HGNC:4077,0.107202823
2441,HGNC:816,1
2442,HGNC:28434,1
2443,HGNC:11055,1
2444,HGNC:16695,1
2445,HGNC:61,1
2446,HGNC:11326,1
2447,HGNC:897,1
2448,HGNC:4839,1
2449,HGNC:9936,1
2450,HGNC:4206,1
2451,HGNC:868,1
2452,HGNC:4226,1
2453,HGNC:4057,1
2454,HGNC:2890,1
2455,HGNC:3546,1
2456,HGNC:16499,1
2457,HGNC:11486,1
2458,HGNC:10853,0.721590079
2459,HGNC:2435,1
2460,HGNC:11311,0.705301785
2461,HGNC:12381,0.196078431
2462,HGNC:12633,1
2463,HGNC:2699,1
2464,HGNC:12668,0.196078431
2465,HGNC:1810,0.196078431
2466,HGNC:18568,0.196078431
2467,HGNC:11115,1
2468,HGNC:18501,0.168187275
2469,HGNC:9912,0.196078431
2470,HGNC:21504,1
2471,HGNC:14024,0.196078431
2472,HGNC:13508,1
2473,HGNC:2682,0.196078431
2474,HGNC:15964,0.196078431
2475,HGNC:15965,1
2476,HGNC:15966,1
2477,HGNC:1809,1
2478,HGNC:7456,1
2479,HGNC:7415,1
2480,HGNC:7414,1
2481,HGNC:7458,1
2482,HGNC:7460,1
2483,HGNC:7427,1
2484,HGNC:719,1
2485,HGNC:14287,1
2486,HGNC:11425,1
2487,HGNC:20145,1
2488,HGNC:2022,1
2489,HGNC:7095,1
2490,HGNC:29007,1
2491,HGNC:23068,1
2492,HGNC:7820,1
2493,HGNC:10457,1
2494,HGNC:8926,1
2495,HGNC:4516,1
2496,HGNC:8806,1
2497,HGNC:19701,1
2498,HGNC:11123,1
2499,HGNC:26392,1
2500,HGNC:29347,1
2501,HGNC:3267,1
2502,HGNC:8811,1
2503,HGNC:5996,0.146938776
2504,HGNC:7960,1
2505,HGNC:4289,1
2506,HGNC:12811,1
2507,HGNC:8512,0.183233759
2508,HGNC:11854,1
2509,HGNC:18305,1
2510,HGNC:12632,1
2511,HGNC:25439,1
2512,HGNC:4838,1
2513,HGNC:11133,1
2514,HGNC:6742,1
2515,HGNC:15559,1
2516,HGNC:7097,1
2517,HGNC:16297,1
2518,HGNC:4250,1
2519,HGNC:18150,1
2520,HGNC:15844,1
2521,HGNC:7180,1
2522,HGNC:16627,1
2523,HGNC:17550,1
2524,HGNC:3508,1
2525,HGNC:7737,1
2526,HGNC:7773,1
2527,HGNC:11653,1
2528,HGNC:23573,1
2529,HGNC:18423,1
2530,HGNC:11036,1
2531,HGNC:13586,1
2532,HGNC:5013,1
2533,HGNC:6948,1
2534,HGNC:7579,1
2535,HGNC:17772,1
2536,HGNC:1406,0.045615069
2537,HGNC:18626,1
2538,HGNC:7662,1
2539,HGNC:2436,1
2540,HGNC:25705,1
2541,HGNC:16517,1
2542,HGNC:6009,1
2543,HGNC:9802,1
2544,HGNC:9039,1
2545,HGNC:2955,1
2546,HGNC:8800,1
2547,HGNC:291,1
2548,HGNC:28052,1
2549,HGNC:118,1
2550,HGNC:17755,1
2551,HGNC:7631,1
2552,HGNC:2873,1
2553,HGNC:18149,1
2554,HGNC:3600,1
2555,HGNC:10549,1
2556,HGNC:25481,1
2557,HGNC:19358,1
2558,HGNC:17082,1
2559,HGNC:18127,1
2560,HGNC:10542,1
2561,HGNC:10604,1
2562,HGNC:3148,1
2563,HGNC:1938,1
2564,HGNC:713,1
2565,HGNC:28880,1
2566,HGNC:8896,1
2567,HGNC:11600,0.002892145
2568,HGNC:17342,1
2569,HGNC:13128,1
2570,HGNC:13711,1
2571,HGNC:2877,1
2572,HGNC:14270,1
2573,HGNC:30668,1
2574,HGNC:11817,1
2575,HGNC:4296,1
2576,HGNC:5042,1
2577,HGNC:28570,1
2578,HGNC:9462,1
2579,HGNC:7096,1
2580,HGNC:2207,1
2581,HGNC:6241,1
2582,HGNC:3571,1
2583,HGNC:467,1
2584,HGNC:8592,1
2585,HGNC:2714,0.102564103
2586,HGNC:14064,1
2587,HGNC:11022,1
2588,HGNC:11752,1
2589,HGNC:28912,1
2590,HGNC:11506,1
2591,HGNC:1393,1
2592,HGNC:6106,1
2593,HGNC:13486,1
2594,HGNC:2023,1
2595,HGNC:29215,1
2596,HGNC:1068,1
2597,HGNC:29059,1
2598,HGNC:4800,1
2599,HGNC:2745,1
2600,HGNC:1497,1
2601,HGNC:6833,1
2602,HGNC:7678,0.22081448
2603,HGNC:9896,1
2604,HGNC:13107,1
2605,HGNC:11494,1
2606,HGNC:8864,1
2607,HGNC:13156,1
2608,HGNC:13254,1
2609,HGNC:12731,1
2610,HGNC:6010,1
2611,HGNC:7871,1
2612,HGNC:11535,1
2613,HGNC:8127,1
2614,HGNC:8925,1
2615,HGNC:13429,1
2616,HGNC:29433,1
2617,HGNC:48,1
2618,HGNC:20342,1
2619,HGNC:3672,1
2620,HGNC:25726,1
2621,HGNC:7373,1
2622,HGNC:17756,1
2623,HGNC:20672,1
2624,HGNC:25455,1
2625,HGNC:16353,1
2626,HGNC:397,1
2627,HGNC:12509,1
2628,HGNC:14561,1
2629,HGNC:8148,1
2630,HGNC:3157,1
2631,HGNC:5461,1
2632,HGNC:13339,1
2633,HGNC:2902,1
2634,HGNC:11733,0.557982655
2635,HGNC:572,1
2636,HGNC:20662,1
2637,HGNC:25676,1
2638,HGNC:25538,1
2639,HGNC:29456,1
2640,HGNC:4341,1
2641,HGNC:6493,1
2642,HGNC:7661,1
2643,HGNC:9364,1
2644,HGNC:19181,1
2645,HGNC:11949,1
2646,HGNC:6647,1
2647,HGNC:11510,1
2648,HGNC:6490,1
2649,HGNC:6250,0.313122172
2650,HGNC:11594,1
2651,HGNC:3153,1
2652,HGNC:12012,1
2653,HGNC:17091,1
2654,HGNC:19688,1
2655,HGNC:9280,1
2656,HGNC:2731,1
2657,HGNC:25198,1
2658,HGNC:6664,1
2659,HGNC:29634,1
2660,HGNC:3604,1
2661,HGNC:9004,1
2662,HGNC:11771,1
2663,HGNC:12399,1
2664,HGNC:10994,1
2665,HGNC:4326,0.004048613
2666,HGNC:10807,1
2667,HGNC:29242,1
2668,HGNC:930,1
2669,HGNC:218,1
2670,HGNC:4718,1
2671,HGNC:4931,1
2672,HGNC:20778,1
2673,HGNC:7758,1
2674,HGNC:9545,1
2675,HGNC:2187,1
2676,HGNC:17761,1
2677,HGNC:21024,1
2678,HGNC:10472,1
2679,HGNC:16404,1
2680,HGNC:1090,1
2681,HGNC:2188,1
2682,HGNC:14415,1
2683,HGNC:18345,1
2684,HGNC:21390,0.128603749
2685,HGNC:14977,1
2686,HGNC:11021,1
2687,HGNC:21143,1
2688,HGNC:16873,1
2689,HGNC:1343,1
2690,HGNC:12771,1
2691,HGNC:6484,1
2692,HGNC:21144,1
2693,HGNC:9080,1
2694,HGNC:6482,1
2695,HGNC:2500,1
2696,HGNC:8860,1
2697,HGNC:13841,1
2698,HGNC:17089,1
2699,HGNC:18040,1
2700,HGNC:21157,1
2701,HGNC:1607,1
2702,HGNC:20323,1
2703,HGNC:22140,1
2704,HGNC:6560,1
2705,HGNC:21701,1
2706,HGNC:132,1
2707,HGNC:18625,1
2708,HGNC:24154,1
2709,HGNC:24682,1
2710,HGNC:11768,1
2711,HGNC:11532,1
2712,HGNC:9509,1
2713,HGNC:17494,1
2714,HGNC:27302,1
2715,HGNC:129,1
2716,HGNC:4416,1
2717,HGNC:25356,1
2718,HGNC:164,1
2719,HGNC:17213,1
2720,HGNC:11191,0.32484994
2721,HGNC:29250,1
2722,HGNC:2978,1
2723,HGNC:4241,1
2724,HGNC:3097,1
2725,HGNC:24259,1
2726,HGNC:6904,1
2727,HGNC:105,1
2728,HGNC:3703,1
2729,HGNC:14025,1
2730,HGNC:1052,1
2731,HGNC:16084,1
2732,HGNC:8490,1
2733,HGNC:6325,1
2734,HGNC:7720,1
2735,HGNC:11590,0.00011439
2736,HGNC:4125,1
2737,HGNC:6694,1
2738,HGNC:16905,1
2739,HGNC:4092,1
2740,HGNC:6142,1
2741,HGNC:17797,1
2742,HGNC:14628,1
2743,HGNC:1955,0.073043247
2744,HGNC:1943,1
2745,HGNC:5136,0.665021905
2746,HGNC:12403,1
2747,HGNC:2201,1
2748,HGNC:2210,1
2749,HGNC:5261,1
2750,HGNC:21637,1
2751,HGNC:443,1
2752,HGNC:26582,1
2753,HGNC:2770,1
2754,HGNC:16901,1
2755,HGNC:29092,1
2756,HGNC:8617,0.396516691
2757,HGNC:3147,1
2758,HGNC:1965,0.000310061
2759,HGNC:2213,1
2760,HGNC:20670,1
2761,HGNC:14063,1
2762,HGNC:888,1
2763,HGNC:14255,1
2764,HGNC:18358,1
2765,HGNC:28472,1
2766,HGNC:9865,1
2767,HGNC:4298,1
2768,HGNC:10593,1
2769,HGNC:30372,1
2770,HGNC:33499,1
2771,HGNC:2666,1
2772,HGNC:22932,1
2773,HGNC:30764,1
2774,HGNC:11943,1
2775,HGNC:30220,1
2776,HGNC:12784,1
2777,HGNC:28526,1
2778,HGNC:6649,1
2779,HGNC:4180,1
2780,HGNC:16892,1
2781,HGNC:851,1
2782,HGNC:7590,1
2783,HGNC:4171,1
2784,HGNC:13556,1
2785,HGNC:7907,1
2786,HGNC:26576,1
2787,HGNC:882,1
2788,HGNC:9082,1
2789,HGNC:29262,1
2790,HGNC:11006,0.156205504
2791,HGNC:9067,1
2792,HGNC:3087,1
2793,HGNC:23056,1
2794,HGNC:6901,1
2795,HGNC:2032,1
2796,HGNC:8140,1
2797,HGNC:5391,1
2798,HGNC:3690,1
2799,HGNC:12768,1
2800,HGNC:26742,1
2801,HGNC:10825,1
2802,HGNC:26594,1
2803,HGNC:951,0.00472909
2804,HGNC:26887,1
2805,HGNC:30605,1
2806,HGNC:18340,1
2807,HGNC:16429,1
2808,HGNC:12513,1
2809,HGNC:6342,1
2810,HGNC:25812,1
2811,HGNC:30760,1
2812,HGNC:33188,0.449644473
2813,HGNC:452,0.544149968
2814,HGNC:3344,1
2815,HGNC:219,1
2816,HGNC:399,1
2817,HGNC:26300,1
2818,HGNC:3054,1
2819,HGNC:2932,0.106311529
2820,HGNC:4576,1
2821,HGNC:18398,1
2822,HGNC:1856,1
2823,HGNC:10648,1
2824,HGNC:18603,1
2825,HGNC:10706,1
2826,HGNC:9349,1
2827,HGNC:9137,1
2828,HGNC:26953,1
2829,HGNC:23109,1
2830,HGNC:11397,1
2831,HGNC:15974,1
2832,HGNC:4329,1
2833,HGNC:12682,1
2834,HGNC:318,1
2835,HGNC:10736,1
2836,HGNC:2516,1
2837,HGNC:25118,1
2838,HGNC:15492,1
2839,HGNC:3666,1
2840,HGNC:6132,0.03140073
2841,HGNC:714,1
2842,HGNC:17416,1
2843,HGNC:6218,1
2844,HGNC:11916,1
2845,HGNC:12642,1
2846,HGNC:16912,1
2847,HGNC:1246,1
2848,HGNC:29673,1
2849,HGNC:14558,1
2850,HGNC:6269,1
2851,HGNC:60,1
2852,HGNC:2171,1
2853,HGNC:18037,1
2854,HGNC:2200,1
2855,HGNC:237,1
2856,HGNC:6442,1
2857,HGNC:6412,1
2858,HGNC:6143,1
2859,HGNC:3431,1
2860,HGNC:28423,1
2861,HGNC:2726,1
2862,HGNC:4422,1
2863,HGNC:18708,1
2864,HGNC:1494,0.779349117
2865,HGNC:11875,1
2866,HGNC:7549,1
2867,HGNC:29670,1
2868,HGNC:18083,1
2869,HGNC:7583,1
2870,HGNC:90,1
2871,HGNC:25896,1
2872,HGNC:18179,1
2873,HGNC:18481,1
2874,HGNC:29101,1
2875,HGNC:10809,0.490566038
2876,HGNC:17272,1
2877,HGNC:18514,1
2878,HGNC:17035,1
2879,HGNC:25396,1
2880,HGNC:18621,1
2881,HGNC:4454,1
2882,HGNC:20324,1
2883,HGNC:19082,1
2884,HGNC:18028,1
2885,HGNC:7576,1
2886,HGNC:7577,1
2887,HGNC:11777,1
2888,HGNC:3811,1
2889,HGNC:575,1
2890,HGNC:1875,1
2891,HGNC:1733,1
2892,HGNC:303,1
2893,HGNC:4696,1
2894,HGNC:14262,1
2895,HGNC:7660,1
2896,HGNC:29941,1
2897,HGNC:2198,1
2898,HGNC:9083,1
2899,HGNC:3527,1
2900,HGNC:1774,1
2901,HGNC:13243,1
2902,HGNC:14888,1
2903,HGNC:21862,1
2904,HGNC:1067,1
2905,HGNC:20858,1
2906,HGNC:7739,1
2907,HGNC:27230,1
2908,HGNC:1356,1
2909,HGNC:29106,1
2910,HGNC:26267,1
2911,HGNC:26050,1
2912,HGNC:15968,1
2913,HGNC:24281,1
2914,HGNC:30129,1
2915,HGNC:2799,1
2916,HGNC:12340,1
2917,HGNC:11909,1
2918,HGNC:2220,0.174838741
2919,HGNC:24797,1
2920,HGNC:9069,1
2921,HGNC:11098,1
2922,HGNC:23399,1
2923,HGNC:18732,1
2924,HGNC:9043,1
2925,HGNC:12011,1
2926,HGNC:17944,1
2927,HGNC:10257,1
2928,HGNC:17208,1
2929,HGNC:4507,1
2930,HGNC:11772,1
2931,HGNC:23159,1
2932,HGNC:3622,1
2933,HGNC:7525,0.20754717
2934,HGNC:16361,1
2935,HGNC:11444,1
2936,HGNC:3006,1
2937,HGNC:4315,1
2938,HGNC:28296,1
2939,HGNC:19027,1
2940,HGNC:23406,1
2941,HGNC:13997,1
2942,HGNC:76,1
2943,HGNC:9202,1
2944,HGNC:33778,1
2945,HGNC:14631,1
2946,HGNC:2209,1
2947,HGNC:7881,1
2948,HGNC:24650,1
2949,HGNC:9639,1
2950,HGNC:16932,1
2951,HGNC:11642,1
2952,HGNC:1912,0.017091683
2953,HGNC:10936,0.044050218
2954,HGNC:9414,1
2955,HGNC:14674,1
2956,HGNC:23246,1
2957,HGNC:2939,1
2958,HGNC:2190,1
2959,HGNC:1971,1
2960,HGNC:24268,1
2961,HGNC:12665,1
2962,HGNC:15710,1
2963,HGNC:25903,1
2964,HGNC:130,1
2965,HGNC:15819,1
2966,HGNC:6388,1
2967,HGNC:20577,0.775322756
2968,HGNC:4861,1
2969,HGNC:9722,1
2970,HGNC:14211,1
2971,HGNC:16947,1
2972,HGNC:1974,1
2973,HGNC:26257,1
2974,HGNC:8022,1
2975,HGNC:2194,1
2976,HGNC:27424,1
2977,HGNC:939,1
2978,HGNC:3689,1
2979,HGNC:12592,1
2980,HGNC:16644,0.544149968
2981,HGNC:11946,1
2982,HGNC:11950,1
2983,HGNC:11386,1
2984,HGNC:12597,1
2985,HGNC:7611,0.256752447
2986,HGNC:2472,1
2987,HGNC:11051,0.002508951
2988,HGNC:27337,1
2989,HGNC:10940,1
2990,HGNC:20197,1
2991,HGNC:7551,1
2992,HGNC:20859,1
2993,HGNC:9863,1
2994,HGNC:923,1
2995,HGNC:3760,1
2996,HGNC:9964,1
2997,HGNC:6716,1
2998,HGNC:17397,1
2999,HGNC:20716,1
3000,HGNC:17412,1
3001,HGNC:5542,1
3002,HGNC:3681,0.292663106
3003,HGNC:1546,1
3004,HGNC:7606,1
3005,HGNC:3188,1
3006,HGNC:26938,1
3007,HGNC:2528,1
3008,HGNC:7167,0.341158002
3009,HGNC:2962,1
3010,HGNC:15672,1
3011,HGNC:2389,1
3012,HGNC:4026,1
3013,HGNC:14583,1
3014,HGNC:2995,1
3015,HGNC:24039,1
3016,HGNC:329,1
3017,HGNC:17978,1
3018,HGNC:3084,1
3019,HGNC:29105,1
3020,HGNC:8977,1
3021,HGNC:3942,1
3022,HGNC:7939,1
3023,HGNC:9081,1
3024,HGNC:16877,1
3025,HGNC:438,1
3026,HGNC:5273,1
3027,HGNC:1736,1
3028,HGNC:15999,1
3029,HGNC:11110,1
3030,HGNC:6524,1
3031,HGNC:30071,1
3032,HGNC:30587,1
3033,HGNC:9325,1
3034,HGNC:25686,1
3035,HGNC:19316,1
3036,HGNC:11056,1
3037,HGNC:8487,1
3038,HGNC:2330,1
3039,HGNC:2859,1
3040,HGNC:7784,1
3041,HGNC:29557,1
3042,HGNC:28287,1
3043,HGNC:11023,1
3044,HGNC:2186,1
3045,HGNC:23319,1
3046,HGNC:18155,1
3047,HGNC:2847,1
3048,HGNC:19869,1
3049,HGNC:8983,1
3050,HGNC:2363,1
3051,HGNC:6871,1
3052,HGNC:1014,1
3053,HGNC:5870,0.080123741
3054,HGNC:11103,1
3055,HGNC:29022,1
3056,HGNC:6511,1
3057,HGNC:14294,1
3058,HGNC:4837,1
3059,HGNC:461,1
3060,HGNC:8957,1
3061,HGNC:560,1
3062,HGNC:11411,1
3063,HGNC:10432,1
3064,HGNC:15455,1
3065,HGNC:9173,1
3066,HGNC:18060,1
3067,HGNC:2928,1
3068,HGNC:2578,1
3069,HGNC:20372,1
3070,HGNC:12469,1
3071,HGNC:17652,1
3072,HGNC:3133,1
3073,HGNC:9330,1
3074,HGNC:30677,1
3075,HGNC:11114,1
3076,HGNC:30892,1
3077,HGNC:26837,1
3078,HGNC:24931,1
3079,HGNC:3226,1
3080,HGNC:11957,1
3081,HGNC:4283,1
3082,HGNC:2291,1
3083,HGNC:869,1
3084,HGNC:9086,1
3085,HGNC:30881,1
3086,HGNC:20439,1
3087,HGNC:18475,1
3088,HGNC:8768,1
3089,HGNC:11079,1
3090,HGNC:3702,1
3091,HGNC:12874,0.290953346
3092,HGNC:5389,1
3093,HGNC:7448,1
3094,HGNC:22082,1
3095,HGNC:1044,1
3096,HGNC:6470,1
3097,HGNC:18704,1
3098,HGNC:6990,1
3099,HGNC:3754,1
3100,HGNC:3331,1
3101,HGNC:10298,1
3102,HGNC:11577,1
3103,HGNC:26058,1
3104,HGNC:5961,1
3105,HGNC:2063,1
3106,HGNC:29659,0.134615385
3107,HGNC:4824,1
3108,HGNC:4823,1
3109,HGNC:29478,1
3110,HGNC:17619,1
3111,HGNC:7569,1
3112,HGNC:15516,1
3113,HGNC:2244,1
3114,HGNC:16974,1
3115,HGNC:17151,1
3116,HGNC:5331,1
3117,HGNC:24678,1
3118,HGNC:7166,1
3119,HGNC:1750,1
3120,HGNC:1762,1
3121,HGNC:2867,1
3122,HGNC:6776,1
3123,HGNC:23216,1
3124,HGNC:2577,1
3125,HGNC:24576,1
3126,HGNC:4122,1
3127,HGNC:8740,1
3128,HGNC:20772,1
3129,HGNC:25608,1
3130,HGNC:18008,1
3131,HGNC:35126,0.029873609
3132,HGNC:12851,1
3133,HGNC:4909,1
3134,HGNC:8574,1
3135,HGNC:18084,1
3136,HGNC:1492,1
3137,HGNC:1966,1
3138,HGNC:23089,1
3139,HGNC:1961,1
3140,HGNC:7207,1
3141,HGNC:15977,1
3142,HGNC:7578,0.779981522
3143,HGNC:7572,1
3144,HGNC:7573,1
3145,HGNC:8966,1
3146,HGNC:403,1
3147,HGNC:14937,1
3148,HGNC:17101,1
3149,HGNC:12309,1
3150,HGNC:11610,1
3151,HGNC:1744,1
3152,HGNC:11109,1
3153,HGNC:6416,1
3154,HGNC:18169,1
3155,HGNC:8011,1
3156,HGNC:4040,1
3157,HGNC:2916,1
3158,HGNC:10805,1
3159,HGNC:2197,1
3160,HGNC:7866,1
3161,HGNC:11603,0.409787376
3162,HGNC:1699,1
3163,HGNC:6263,1
3164,HGNC:16356,1
3165,HGNC:14409,1
3166,HGNC:27561,1
3167,HGNC:6158,1
3168,HGNC:19721,1
3169,HGNC:8548,1
3170,HGNC:9721,1
3171,HGNC:11581,1
3172,HGNC:14450,1
3173,HGNC:26270,1
3174,HGNC:9891,1
3175,HGNC:6483,1
3176,HGNC:3049,1
3177,HGNC:6891,1
3178,HGNC:21317,1
3179,HGNC:7728,1
3180,HGNC:8967,1
3181,HGNC:11633,1
3182,HGNC:6638,1
3183,HGNC:8996,1
3184,HGNC:9479,1
3185,HGNC:2974,1
3186,HGNC:11100,1
3187,HGNC:6826,1
3188,HGNC:7788,1
3189,HGNC:20967,1
3190,HGNC:1388,1
3191,HGNC:7883,1
3192,HGNC:8980,1
3193,HGNC:2364,1
3194,HGNC:18712,1
3195,HGNC:12449,1
3196,HGNC:33867,1
3197,HGNC:10483,1
3198,HGNC:2909,1
3199,HGNC:6717,1
3200,HGNC:1698,1
3201,HGNC:25763,1
3202,HGNC:25367,1
3203,HGNC:17997,1
3204,HGNC:6365,0.544149968
3205,HGNC:11948,1
3206,HGNC:11947,1
3207,HGNC:11153,1
3208,HGNC:8729,1
3209,HGNC:15889,1
3210,HGNC:11132,1
3211,HGNC:15868,1
3212,HGNC:18318,1
3213,HGNC:2979,1
3214,HGNC:13890,1
3215,HGNC:4220,0.138332256
3216,HGNC:6408,1
3217,HGNC:15901,1
3218,HGNC:15807,1
3219,HGNC:16197,1
3220,HGNC:13444,1
3221,HGNC:3005,1
3222,HGNC:11194,1
3223,HGNC:11183,1
3224,HGNC:3046,1
3225,HGNC:6267,1
3226,HGNC:12756,1
3227,HGNC:1550,1
3228,HGNC:2211,1
3229,HGNC:2212,1
3230,HGNC:5985,1
3231,HGNC:1839,1
3232,HGNC:857,1
3233,HGNC:2846,1
3234,HGNC:2845,1
3235,HGNC:16817,1
3236,HGNC:10979,1
3237,HGNC:1739,1
3238,HGNC:11226,1
3239,HGNC:29298,1
3240,HGNC:573,1
3241,HGNC:17084,1
3242,HGNC:4019,1
3243,HGNC:15465,1
3244,HGNC:20318,1
3245,HGNC:9508,1
3246,HGNC:68,1
3247,HGNC:20105,1
3248,HGNC:11769,1
3249,HGNC:29669,1
3250,HGNC:19743,1
3251,HGNC:12305,1
3252,HGNC:10978,1
3253,HGNC:4612,0.010941833
3254,HGNC:12718,1
3255,HGNC:13222,1
3256,HGNC:32550,1
3257,HGNC:10914,1
3258,HGNC:143,1
3259,HGNC:7001,1
3260,HGNC:20249,1
3261,HGNC:24464,1
3262,HGNC:1480,1
3263,HGNC:7608,1
3264,HGNC:30650,0.134615385
3265,HGNC:24579,1
3266,HGNC:26790,1
3267,HGNC:12010,1
3268,HGNC:9255,1
3269,HGNC:37227,1
3270,HGNC:6769,1
3271,HGNC:30497,1
3272,HGNC:25928,1
3273,HGNC:349,1
3274,HGNC:9107,1
3275,HGNC:2728,1
3276,HGNC:2040,1
3277,HGNC:12372,0.006689982
3278,HGNC:29678,1
3279,HGNC:15511,1
3280,HGNC:6341,0.211474701
3281,HGNC:29685,1
3282,HGNC:11582,1
3283,HGNC:12015,1
3284,HGNC:9201,1
3285,HGNC:6161,1
3286,HGNC:24229,1
3287,HGNC:12786,0.060941613
3288,HGNC:11799,1
3289,HGNC:13503,1
3290,HGNC:4421,0.333333333
3291,HGNC:28403,1
3292,HGNC:29316,1
3293,HGNC:8743,1
3294,HGNC:24624,1
3295,HGNC:4198,0.0765242
3296,HGNC:17493,1
3297,HGNC:9968,1
3298,HGNC:21071,1
3299,HGNC:21863,1
3300,HGNC:4419,1
3301,HGNC:12299,0.545865156
3302,HGNC:11764,1
3303,HGNC:6595,0.078383417
3304,HGNC:14244,1
3305,HGNC:23015,1
3306,HGNC:2498,1
3307,HGNC:464,1
3308,HGNC:6091,1
3309,HGNC:11040,1
3310,HGNC:392,1
3311,HGNC:6621,1
3312,HGNC:3433,1
3313,HGNC:565,1
3314,HGNC:16133,1
3315,HGNC:8918,1
3316,HGNC:644,1
3317,HGNC:10923,1
3318,HGNC:2555,1
3319,HGNC:8108,1
3320,HGNC:18145,1
3321,HGNC:33882,1
3322,HGNC:11796,1
3323,HGNC:12679,1
3324,HGNC:465,0.010799966
3325,HGNC:11521,0.333333333
3326,HGNC:2606,1
3327,HGNC:29914,1
3328,HGNC:6696,1
3329,HGNC:9706,1
3330,HGNC:1071,1
3331,HGNC:6814,0.099320579
3332,HGNC:13273,1
3333,HGNC:32698,1
3334,HGNC:8622,1
3335,HGNC:449,0.085211371
3336,HGNC:8031,1
3337,HGNC:6518,1
3338,HGNC:19750,1
3339,HGNC:23657,1
3340,HGNC:23734,0.539516541
3341,HGNC:7155,0.2498892
3342,HGNC:1247,1
3343,HGNC:4193,1
3344,HGNC:18591,1
3345,HGNC:12373,1
3346,HGNC:5465,1
3347,HGNC:9066,1
3348,HGNC:10591,1
3349,HGNC:6932,0.592273095
3350,HGNC:17233,1
3351,HGNC:6597,1
3352,HGNC:8979,1
3353,HGNC:29205,1
3354,HGNC:17103,1
3355,HGNC:9076,1
3356,HGNC:12783,1
3357,HGNC:21732,1
3358,HGNC:7461,1
3359,HGNC:7462,1
3360,HGNC:7422,1
3361,HGNC:7459,1
3362,HGNC:1133,1
3363,HGNC:13398,1
3364,HGNC:886,1
3365,HGNC:5385,1
3366,HGNC:18750,1
3367,HGNC:15865,1
3368,HGNC:15925,1
3369,HGNC:11431,1
3370,HGNC:15860,1
3371,HGNC:360,1
3372,HGNC:16068,1
3373,HGNC:4916,1
3374,HGNC:12520,1
3375,HGNC:11592,1
3376,HGNC:2228,1
3377,HGNC:728,1
3378,HGNC:3373,1
3379,HGNC:3583,1
3380,HGNC:10295,1
3381,HGNC:20893,1
3382,HGNC:12637,1
3383,HGNC:10274,1
3384,HGNC:4170,1
3385,HGNC:3663,1
3386,HGNC:4661,1
3387,HGNC:4659,1
3388,HGNC:9208,1
3389,HGNC:8850,1
3390,HGNC:1527,1
3391,HGNC:6052,1
3392,HGNC:6120,1
3393,HGNC:12829,1
3394,HGNC:10848,1
3395,HGNC:26527,1
3396,HGNC:10263,0.033218971
3397,HGNC:9717,1
3398,HGNC:28396,1
3399,HGNC:9587,1
3400,HGNC:28510,1
3401,HGNC:21653,1
3402,HGNC:3588,1
3403,HGNC:19129,1
3404,HGNC:3584,1
3405,HGNC:9585,1
3406,HGNC:17349,1
3407,HGNC:12362,1
3408,HGNC:21474,1
3409,HGNC:325,1
3410,HGNC:9921,0.062795694
3411,HGNC:12313,1
3412,HGNC:10705,1
3413,HGNC:14550,1
3414,HGNC:9990,0.228615954
3415,HGNC:24519,1
3416,HGNC:9006,0.547734357
3417,HGNC:16466,1
3418,HGNC:694,1
3419,HGNC:5173,1
3420,HGNC:5466,1
3421,HGNC:6081,1
3422,HGNC:6294,1
3423,HGNC:1786,1
3424,HGNC:12406,1
3425,HGNC:6257,1
3426,HGNC:59,1
3427,HGNC:3587,1
3428,HGNC:20041,1
3429,HGNC:12703,1
3430,HGNC:10254,1
3431,HGNC:15832,1
3432,HGNC:3219,1
3433,HGNC:26558,1
3434,HGNC:3749,1
3435,HGNC:6255,1
3436,HGNC:9719,1
3437,HGNC:1785,1
3438,HGNC:7133,1
3439,HGNC:10414,1
3440,HGNC:28887,1
3441,HGNC:9857,1
3442,HGNC:4284,1
3443,HGNC:20606,1
3444,HGNC:20422,1
3445,HGNC:6107,0.582041322
3446,HGNC:870,1
3447,HGNC:3437,1
3448,HGNC:8002,1
3449,HGNC:23168,1
3450,HGNC:17748,1
3451,HGNC:19977,1
3452,HGNC:7128,1
3453,HGNC:3796,1
3454,HGNC:20347,1
3455,HGNC:20423,1
3456,HGNC:20087,1
3457,HGNC:3602,1
3458,HGNC:29170,1
3459,HGNC:10910,1
3460,HGNC:3603,1
3461,HGNC:12631,1
3462,HGNC:12310,1
3463,HGNC:7974,0.469834087
3464,HGNC:19353,1
3465,HGNC:13081,1
3466,HGNC:10024,0.563749192
3467,HGNC:25568,1
3468,HGNC:12712,1
3469,HGNC:25636,1
3470,HGNC:29077,1
3471,HGNC:12363,1
3472,HGNC:23845,1
3473,HGNC:2348,1
3474,HGNC:18294,1
3475,HGNC:3436,1
3476,HGNC:57,1
3477,HGNC:30417,1
3478,HGNC:10524,1
3479,HGNC:29168,1
3480,HGNC:14361,0.178197065
3481,HGNC:967,1
3482,HGNC:10912,1
3483,HGNC:17146,1
3484,HGNC:2151,1
3485,HGNC:25539,1
3486,HGNC:3801,0.426974144
3487,HGNC:28993,1
3488,HGNC:3582,1
3489,HGNC:17340,1
3490,HGNC:27310,1
3491,HGNC:7765,1
3492,HGNC:11364,1
3493,HGNC:9688,1
3494,HGNC:7121,1
3495,HGNC:1375,1
3496,HGNC:32528,1
3497,HGNC:3960,1
3498,HGNC:8789,1
3499,HGNC:4174,1
3500,HGNC:29426,1
3501,HGNC:30078,1
3502,HGNC:4379,1
3503,HGNC:17090,1
3504,HGNC:10418,1
3505,HGNC:9380,1
3506,HGNC:11766,1
3507,HGNC:3434,1
3508,HGNC:2933,1
3509,HGNC:2383,1
3510,HGNC:15446,1
3511,HGNC:4084,1
3512,HGNC:10896,1
3513,HGNC:14000,1
3514,HGNC:6229,1
3515,HGNC:9965,1
3516,HGNC:6764,1
3517,HGNC:3146,1
3518,HGNC:4006,1
3519,HGNC:20603,1
3520,HGNC:19139,1
3521,HGNC:3808,0.434645266
3522,HGNC:1789,1
3523,HGNC:10294,0.713670393
3524,HGNC:34,1
3525,HGNC:9855,1
3526,HGNC:15512,1
3527,HGNC:8923,1
3528,HGNC:7882,1
3529,HGNC:17348,1
3530,HGNC:4177,1
3531,HGNC:10729,1
3532,HGNC:16783,1
3533,HGNC:2343,1
3534,HGNC:25009,1
3535,HGNC:7745,1
3536,HGNC:12601,0.462264151
3537,HGNC:3700,1
3538,HGNC:16400,1
3539,HGNC:26147,1
3540,HGNC:26498,1
3541,HGNC:30391,1
3542,HGNC:34383,0.269230769
3543,HGNC:11529,1
3544,HGNC:20748,1
3545,HGNC:25808,1
3546,HGNC:145,1
3547,HGNC:30859,1
3548,HGNC:7027,1
3549,HGNC:21699,1
3550,HGNC:9121,1
3551,HGNC:28648,1
3552,HGNC:10521,0.755066476
3553,HGNC:3585,1
3554,HGNC:9236,1
3555,HGNC:11773,1
3556,HGNC:9608,1
3557,HGNC:2214,1
3558,HGNC:3755,1
3559,HGNC:13210,1
3560,HGNC:18362,1
3561,HGNC:10012,0.049512942
3562,HGNC:12605,0.705301785
3563,HGNC:29326,1
3564,HGNC:8786,1
3565,HGNC:29253,1
3566,HGNC:9454,1
3567,HGNC:2148,1
3568,HGNC:6685,0.257334934
3569,HGNC:10680,1
3570,HGNC:25994,1
3571,HGNC:3439,1
3572,HGNC:24684,1
3573,HGNC:12831,1
3574,HGNC:26690,1
3575,HGNC:8785,1
3576,HGNC:8804,1
3577,HGNC:11654,1
3578,HGNC:2488,1
3579,HGNC:14234,1
3580,HGNC:10449,1
3581,HGNC:6816,1
3582,HGNC:18791,1
3583,HGNC:11976,1
3584,HGNC:1142,1
3585,HGNC:4948,1
3586,HGNC:3586,1
3587,HGNC:12423,1
3588,HGNC:1784,1
3589,HGNC:4679,1
3590,HGNC:9942,1
3591,HGNC:8859,1
3592,HGNC:20194,1
3593,HGNC:14263,1
3594,HGNC:21555,1
3595,HGNC:6859,1
3596,HGNC:4274,1
3597,HGNC:3356,1
3598,HGNC:21575,1
3599,HGNC:9046,1
3600,HGNC:9122,1
3601,HGNC:348,1
3602,HGNC:10288,1
3603,HGNC:4319,1
3604,HGNC:4195,1
3605,HGNC:961,1
3606,HGNC:11586,1
3607,HGNC:12744,1
3608,HGNC:3327,1
3609,HGNC:6613,1
3610,HGNC:9970,1
3611,HGNC:2586,1
3612,HGNC:5201,1
3613,HGNC:18455,1
3614,HGNC:11528,0.323837475
3615,HGNC:15533,1
3616,HGNC:4173,1
3617,HGNC:3673,1
3618,HGNC:16700,1
3619,HGNC:29843,1
3620,HGNC:13831,1
3621,HGNC:3072,1
3622,HGNC:4510,0.561152461
3623,HGNC:6211,1
3624,HGNC:10681,1
3625,HGNC:10682,1
3626,HGNC:18188,1
3627,HGNC:21734,1
3628,HGNC:21014,1
3629,HGNC:25566,1
3630,HGNC:9210,0.261675062
3631,HGNC:15979,1
3632,HGNC:9455,1
3633,HGNC:11742,1
3634,HGNC:15646,1
3635,HGNC:9811,1
3636,HGNC:1788,1
3637,HGNC:3438,1
3638,HGNC:13733,1
3639,HGNC:37212,1
3640,HGNC:2468,1
3641,HGNC:7010,1
3642,HGNC:7132,1
3643,HGNC:9115,1
3644,HGNC:29090,1
3645,HGNC:9175,1
3646,HGNC:10702,1
3647,HGNC:11111,1
3648,HGNC:13315,1
3649,HGNC:428,1
3650,HGNC:19185,1
3651,HGNC:1101,1
3652,HGNC:26144,1
3653,HGNC:1100,1
3654,HGNC:9820,1
3655,HGNC:20473,1
3656,HGNC:1967,1
3657,HGNC:4877,1
3658,HGNC:12791,1
3659,HGNC:11602,1
3660,HGNC:20207,1
3661,HGNC:15836,0.200290276
3662,HGNC:17168,1
3663,HGNC:6556,1
3664,HGNC:12766,1
3665,HGNC:3688,1
3666,HGNC:28984,1
3667,HGNC:30074,1
3668,HGNC:3686,1
3669,HGNC:2860,1
3670,HGNC:19960,1
3671,HGNC:11190,1
3672,HGNC:2567,1
3673,HGNC:28909,1
3674,HGNC:4452,1
3675,HGNC:4451,1
3676,HGNC:7325,1
3677,HGNC:7329,1
3678,HGNC:7127,1
