"","mp.description","P.VALUE"
"1","embryo phenotype","0.0472141299275181"
"2","limbs/digits/tail phenotype","1"
"3","hearing/vestibular/ear phenotype","1"
"4","nervous system phenotype","0.271867718193228"
"5","cardiovascular system phenotype","0.00269902163586678"
"6","craniofacial phenotype","0.105019305019305"
"7","muscle phenotype","0.48"
"8","digestive/alimentary phenotype","1"
"9","cellular phenotype","0.635117204776648"
"10","skeleton phenotype","0.106029106029106"
"11","growth/size/body region phenotype","0.014631444843432"
"12","endocrine/exocrine gland phenotype","0.235294117647059"
"13","vision/eye phenotype","1"
"14","respiratory system phenotype","0.224137931034483"
"15","taste/olfaction phenotype","1"
"16","integument phenotype","0.112399643175736"
"17","pigmentation phenotype","0.461538461538462"
"18","liver/biliary system phenotype","0.0103818723481087"
"19","reproductive system phenotype","0.33976833976834"
"20","neoplasm","1"
"21","renal/urinary system phenotype","0.488372093023256"
"22","adipose tissue phenotype","1"
"23","hematopoietic system phenotype","0.461538461538462"
"24","immune system phenotype","0.486486486486487"
"25","homeostasis/metabolism phenotype","1"
